region	dm_method	model	predictors_dict	selected_predictors	features_importance	fscore. mean	recall. mean
Language.pSTG_R	k_medoids	MLP	['IPU_P', 'disc_IPU_I', 'IPU_I', 'AU_eyes_I', 'Overlap_I', 'Smiles_I', 'Saccades_P', 'Feedbacks_P', 'SpeechRate_I', 'disc_IPU_P', 'LexicalRichness_I', 'AUs_mouth_I', 'ReactionTime_P', 'Neutral_I', 'Feedbacks_I', 'UnionSocioItems_P', 'Pupil_area_P', 'LexicalRichness_P', 'Blinks_P', 'TypeTokenRatio_P', 'UnionSocioItems_I', 'SpeechRate_P', 'Sad_I']	['AU_eyes_I_t4', 'IPU_I_t5', 'disc_IPU_I_t5', 'ReactionTime_P_t7', 'ReactionTime_P_t6', 'ReactionTime_P_t3', 'IPU_P_t3', 'IPU_I_t7', 'IPU_I_t6', 'disc_IPU_I_t6', 'IPU_I_t4', 'disc_IPU_I_t4', 'IPU_I_t3', 'disc_IPU_I_t3', 'UnionSocioItems_P_t5', 'AU_eyes_I_t6', 'AU_eyes_I_t5', 'Sad_I_t6', 'Saccades_P_t6', 'Saccades_P_t5', 'Saccades_P_t4', 'Saccades_P_t3', 'Saccades_P_t7', 'Blinks_P_t7', 'IPU_P_t7', 'IPU_P_t6', 'AU_eyes_I_t7', 'IPU_P_t5', 'IPU_P_t4', 'AU_eyes_I_t3', 'Feedbacks_P_t6', 'disc_IPU_P_t3', 'Overlap_I_t6', 'Overlap_I_t5', 'LexicalRichness_I_t5', 'SpeechRate_I_t5', 'Overlap_I_t3', 'Feedbacks_I_t3', 'LexicalRichness_I_t3', 'SpeechRate_I_t3', 'Pupil_area_P_t7', 'Smiles_I_t7', 'Smiles_I_t6', 'Feedbacks_P_t3', 'TypeTokenRatio_P_t3', 'SpeechRate_P_t3', 'Feedbacks_P_t4', 'LexicalRichness_P_t4', 'TypeTokenRatio_P_t4', 'disc_IPU_P_t4', 'disc_IPU_P_t5', 'disc_IPU_P_t7', 'disc_IPU_P_t6', 'Neutral_I_t4', 'Overlap_I_t4', 'Feedbacks_I_t4', 'SpeechRate_I_t4', 'AUs_mouth_I_t7', 'AUs_mouth_I_t6', 'AUs_mouth_I_t5', 'AUs_mouth_I_t4', 'AUs_mouth_I_t3', 'Overlap_I_t7', 'UnionSocioItems_I_t7', 'SpeechRate_I_t7', 'Feedbacks_P_t5', 'Feedbacks_P_t7', 'LexicalRichness_I_t7', 'Pupil_area_P_t5', 'Pupil_area_P_t3']	[0.09586456317093381, 0.09565188440519526, 0.08718335024804996, 0.07594142286349624, 0.06514178893980041, 0.06372030778523795, 0.056143300054801094, 0.05542322918177584, 0.054518108730975796, 0.05192374416724464, 0.04389910627040961, 0.04008304606715683, 0.03961790080812617, 0.03699636511456632, 0.026913475915402392, 0.018289998922579594, 0.0181611253015765, 0.017914381151302027, 0.017254746731232784, 0.013807184954681764, 0.010281727841881203, 0.009839622856542624, 0.00542961851703116]	0.61	0.61
Language.pSTG_R	k_medoids	LREG	['IPU_P', 'AU_eyes_I', 'AUs_mouth_I', 'ReactionTime_P', 'Blinks_P', 'Saccades_P', 'disc_IPU_I', 'Feedbacks_P', 'Overlap_I', 'SpeechRate_P', 'disc_IPU_P', 'IPU_I', 'Feedbacks_I', 'LexicalRichness_I', 'TypeTokenRatio_P', 'SpeechRate_I', 'UnionSocioItems_P', 'LexicalRichness_P', 'Sad_I', 'Smiles_I', 'Neutral_I']	['AU_eyes_I_t4', 'IPU_I_t5', 'disc_IPU_I_t5', 'Smiles_I_t7', 'Smiles_I_t6', 'IPU_P_t3', 'IPU_I_t7', 'IPU_I_t6', 'disc_IPU_I_t6', 'IPU_I_t4', 'disc_IPU_I_t4', 'IPU_I_t3', 'disc_IPU_I_t3', 'AU_eyes_I_t6', 'AU_eyes_I_t5', 'Sad_I_t6', 'Saccades_P_t6', 'Blinks_P_t5', 'Blinks_P_t4', 'ReactionTime_P_t6', 'UnionSocioItems_P_t5', 'ReactionTime_P_t5', 'UnionSocioItems_P_t4', 'Saccades_P_t4', 'ReactionTime_P_t4', 'UnionSocioItems_P_t3', 'Saccades_P_t3', 'ReactionTime_P_t7', 'ReactionTime_P_t3', 'IPU_P_t7', 'IPU_P_t6', 'AU_eyes_I_t7', 'IPU_P_t5', 'IPU_P_t4', 'AU_eyes_I_t3', 'disc_IPU_P_t3', 'Feedbacks_P_t7', 'Overlap_I_t4', 'Feedbacks_I_t4', 'LexicalRichness_I_t3', 'SpeechRate_I_t4', 'SpeechRate_I_t3', 'AUs_mouth_I_t7', 'AUs_mouth_I_t6', 'AUs_mouth_I_t5', 'AUs_mouth_I_t4', 'AUs_mouth_I_t3', 'disc_IPU_P_t7', 'disc_IPU_P_t6', 'Neutral_I_t4', 'disc_IPU_P_t5', 'disc_IPU_P_t4', 'Feedbacks_P_t3', 'TypeTokenRatio_P_t3', 'SpeechRate_P_t3', 'Feedbacks_P_t6', 'Feedbacks_P_t5', 'Feedbacks_P_t4', 'LexicalRichness_P_t4', 'TypeTokenRatio_P_t4']	[0.11483591532598907, 0.10581547732972775, 0.0890344565874677, 0.08008872057581623, 0.07129788090954699, 0.07021988850511397, 0.06337696234053966, 0.0628080578701889, 0.05656553041740243, 0.042881425114139275, 0.03889218966726162, 0.030366835613362616, 0.030155524879359713, 0.029532098371023736, 0.02452361413691336, 0.02256764505664412, 0.019495430036426932, 0.018691766800939574, 0.01739594640434895, 0.00579179380317186, 0.005662840254615462]	0.62	0.62
Language.pSTG_R	k_medoids	RF	['IPU_I', 'AUs_mouth_I', 'Saccades_P', 'AU_eyes_I', 'IPU_P', 'Pupil_area_P', 'SpeechRate_I', 'disc_IPU_I', 'disc_IPU_P', 'Overlap_I', 'Neutral_I', 'ReactionTime_P', 'LexicalRichness_I', 'Blinks_P', 'SpeechRate_P', 'Feedbacks_P', 'TypeTokenRatio_P', 'Feedbacks_I', 'LexicalRichness_P', 'Smiles_I', 'Sad_I', 'UnionSocioItems_P', 'UnionSocioItems_I']	['AU_eyes_I_t4', 'IPU_I_t5', 'disc_IPU_I_t5', 'ReactionTime_P_t7', 'ReactionTime_P_t6', 'ReactionTime_P_t3', 'IPU_P_t3', 'IPU_I_t7', 'IPU_I_t6', 'disc_IPU_I_t6', 'IPU_I_t4', 'disc_IPU_I_t4', 'IPU_I_t3', 'disc_IPU_I_t3', 'UnionSocioItems_P_t5', 'AU_eyes_I_t6', 'AU_eyes_I_t5', 'Sad_I_t6', 'Saccades_P_t6', 'Saccades_P_t5', 'Saccades_P_t4', 'Saccades_P_t3', 'Saccades_P_t7', 'Blinks_P_t7', 'IPU_P_t7', 'IPU_P_t6', 'AU_eyes_I_t7', 'IPU_P_t5', 'IPU_P_t4', 'AU_eyes_I_t3', 'Feedbacks_P_t6', 'disc_IPU_P_t3', 'Overlap_I_t6', 'Overlap_I_t5', 'LexicalRichness_I_t5', 'SpeechRate_I_t5', 'Overlap_I_t3', 'Feedbacks_I_t3', 'LexicalRichness_I_t3', 'SpeechRate_I_t3', 'Pupil_area_P_t7', 'Smiles_I_t7', 'Smiles_I_t6', 'Feedbacks_P_t3', 'TypeTokenRatio_P_t3', 'SpeechRate_P_t3', 'Feedbacks_P_t4', 'LexicalRichness_P_t4', 'TypeTokenRatio_P_t4', 'disc_IPU_P_t4', 'disc_IPU_P_t5', 'disc_IPU_P_t7', 'disc_IPU_P_t6', 'Neutral_I_t4', 'Overlap_I_t4', 'LexicalRichness_I_t4', 'SpeechRate_I_t4', 'AUs_mouth_I_t7', 'AUs_mouth_I_t6', 'AUs_mouth_I_t5', 'AUs_mouth_I_t4', 'AUs_mouth_I_t3', 'Overlap_I_t7', 'UnionSocioItems_I_t7', 'SpeechRate_I_t7', 'Feedbacks_P_t5', 'Feedbacks_P_t7', 'LexicalRichness_I_t7', 'Pupil_area_P_t4', 'Pupil_area_P_t3', 'Pupil_area_P_t6', 'Feedbacks_I_t4']	[0.13133036188412772, 0.12791565062524027, 0.12374574991218984, 0.12216009815304979, 0.11067845146102166, 0.1011022785013005, 0.05554653240726091, 0.04592601581200158, 0.026323782424701195, 0.02360149157827326, 0.02176333994477205, 0.021545610163522584, 0.01846320483182452, 0.016655993481236985, 0.010294542101648574, 0.00993170919064391, 0.009790011518260488, 0.005189668980928302, 0.0050702832973326594, 0.004743504190926757, 0.004064660088100011, 0.0020813156720496896, 0.0020757437795868136]	0.62	0.62
Language.pSTG_L	mi_rank	MLP	['TypeTokenRatio_I', 'SpeechRate_I', 'disc_IPU_I', 'IPU_I']	['SpeechRate_I_t4', 'TypeTokenRatio_I_t4', 'disc_IPU_I_t4', 'disc_IPU_I_t3', 'IPU_I_t4', 'IPU_I_t3']	[0.4616787555164242, 0.3678238423958329, 0.14686238487988995, 0.023635017207853]	0.64	0.64
Language.pSTG_L	mi_rank	LREG	['IPU_I', 'disc_IPU_I']	['disc_IPU_I_t4', 'disc_IPU_I_t3', 'IPU_I_t4', 'IPU_I_t3']	[0.6785495158514401, 0.3214504841485601]	0.64	0.64
Language.pSTG_L	mi_rank	RF	['IPU_I']	['IPU_I_t4', 'IPU_I_t3']	[1.0]	0.64	0.64
Salience.AInsula_R	k_medoids	MLP	['Saccades_P', 'ReactionTime_P', 'IPU_I', 'AU_eyes_I', 'Smiles_I', 'IPU_P', 'SpeechRate_P', 'AUs_mouth_I', 'Pupil_area_P', 'UnionSocioItems_P', 'TypeTokenRatio_P', 'LexicalRichness_P', 'Overlap_I', 'disc_IPU_P', 'Feedbacks_P', 'Subjectivity_I', 'Sad_I']	['AU_eyes_I_t5', 'AU_eyes_I_t4', 'IPU_I_t5', 'Smiles_I_t7', 'Smiles_I_t6', 'Smiles_I_t5', 'Pupil_area_P_t7', 'Pupil_area_P_t6', 'IPU_P_t3', 'IPU_I_t7', 'IPU_I_t6', 'IPU_I_t4', 'IPU_I_t3', 'Overlap_I_t7', 'Feedbacks_P_t7', 'LexicalRichness_P_t4', 'SpeechRate_P_t7', 'SpeechRate_P_t6', 'Sad_I_t5', 'Saccades_P_t6', 'ReactionTime_P_t6', 'Saccades_P_t5', 'ReactionTime_P_t5', 'UnionSocioItems_P_t4', 'Subjectivity_I_t6', 'Saccades_P_t4', 'ReactionTime_P_t4', 'UnionSocioItems_P_t3', 'Subjectivity_I_t5', 'Saccades_P_t3', 'ReactionTime_P_t7', 'Saccades_P_t7', 'IPU_P_t7', 'AU_eyes_I_t7', 'IPU_P_t5', 'IPU_P_t4', 'disc_IPU_P_t4', 'TypeTokenRatio_P_t4', 'AU_eyes_I_t3', 'AUs_mouth_I_t7', 'disc_IPU_P_t7']	[0.12586835386654086, 0.11749179858519707, 0.09128460578632316, 0.08167228509094997, 0.07748376361131885, 0.06897587417185141, 0.06153526575960563, 0.050211834198953316, 0.04971415104589041, 0.045946908226462, 0.04214043040492105, 0.04208588818861497, 0.037411107008257845, 0.035945422263124124, 0.03524580821960274, 0.028589783946073477, 0.00839671962631312]	0.54	0.54
Salience.AInsula_R	model_rank	LREG	['Pupil_area_P', 'Saccades_P', 'Gaze_movement_quantity_P', 'Blinks_P', 'AU_all_I', 'AUs_mouth_I', 'AU_eyes_I', 'Happy_I', 'IPU_P', 'Neutral_I']	['IPU_P_t7', 'IPU_P_t6', 'IPU_P_t3', 'AUs_mouth_I_t7', 'AUs_mouth_I_t6', 'AUs_mouth_I_t5', 'AUs_mouth_I_t4', 'AUs_mouth_I_t3', 'AU_eyes_I_t7', 'AU_eyes_I_t6', 'AU_eyes_I_t5', 'AU_eyes_I_t4', 'AU_eyes_I_t3', 'AU_all_I_t7', 'AU_all_I_t6', 'AU_all_I_t5', 'AU_all_I_t4', 'AU_all_I_t3', 'Happy_I_t7', 'Happy_I_t6', 'Happy_I_t5', 'Happy_I_t4', 'Happy_I_t3', 'Neutral_I_t7', 'Neutral_I_t6', 'Neutral_I_t5', 'Neutral_I_t4', 'Neutral_I_t3', 'Gaze_movement_quantity_P_t7', 'Gaze_movement_quantity_P_t6', 'Gaze_movement_quantity_P_t5', 'Gaze_movement_quantity_P_t4', 'Gaze_movement_quantity_P_t3', 'Saccades_P_t7', 'Saccades_P_t6', 'Saccades_P_t5', 'Saccades_P_t4', 'Saccades_P_t3', 'Blinks_P_t7', 'Blinks_P_t6', 'Blinks_P_t5', 'Blinks_P_t4', 'Blinks_P_t3', 'Pupil_area_P_t7', 'Pupil_area_P_t6', 'Pupil_area_P_t5', 'Pupil_area_P_t4', 'Pupil_area_P_t3']	[0.166228897932467, 0.1599330429827981, 0.15218816984617578, 0.15044088184959203, 0.07736016945853623, 0.07681110093489782, 0.0693602896592887, 0.05655719152745217, 0.04904552772058249, 0.04207472808820996]	0.56	0.56
Salience.AInsula_R	k_medoids	RF	['IPU_I', 'IPU_P', 'SpeechRate_P', 'Saccades_P', 'Overlap_I', 'ReactionTime_P', 'LexicalRichness_P', 'Subjectivity_I', 'disc_IPU_P', 'Feedbacks_P', 'UnionSocioItems_P']	['IPU_P_t7', 'disc_IPU_P_t7', 'ReactionTime_P_t4', 'UnionSocioItems_P_t3', 'Subjectivity_I_t5', 'Saccades_P_t3', 'IPU_P_t4', 'IPU_P_t3', 'Feedbacks_P_t7', 'LexicalRichness_P_t4', 'SpeechRate_P_t7', 'SpeechRate_P_t6', 'Overlap_I_t7', 'IPU_I_t7', 'IPU_I_t6', 'IPU_I_t5', 'IPU_I_t4']	[0.30207262570827753, 0.28852609204378615, 0.12796322264287585, 0.1257551422793861, 0.05381743627761792, 0.034747652538009495, 0.027586610571895737, 0.01620209215727566, 0.010879474202367382, 0.0069263859547831, 0.005523265623725083]	0.55	0.56
DefaultMode.MPFC	k_medoids	MLP	['Blinks_P', 'IPU_I', 'Feedbacks_P', 'disc_IPU_I', 'disc_IPU_P', 'UnionSocioItems_P', 'IPU_P', 'AU_eyes_I', 'Saccades_P', 'ReactionTime_P', 'TypeTokenRatio_I', 'Angry_I']	['Feedbacks_P_t7', 'Feedbacks_P_t6', 'Feedbacks_P_t4', 'Feedbacks_P_t3', 'Angry_I_t7', 'Angry_I_t3', 'IPU_P_t7', 'IPU_P_t6', 'IPU_P_t5', 'ReactionTime_P_t3', 'UnionSocioItems_P_t5', 'AU_eyes_I_t7', 'AU_eyes_I_t6', 'AU_eyes_I_t4', 'AU_eyes_I_t3', 'Blinks_P_t5', 'ReactionTime_P_t4', 'UnionSocioItems_P_t3', 'Saccades_P_t3', 'Blinks_P_t3', 'IPU_P_t4', 'IPU_P_t3', 'Saccades_P_t4', 'Blinks_P_t4', 'IPU_I_t7', 'disc_IPU_I_t7', 'IPU_I_t6', 'TypeTokenRatio_I_t6', 'IPU_I_t4', 'disc_IPU_I_t4', 'IPU_I_t5', 'disc_IPU_I_t5', 'disc_IPU_P_t7', 'disc_IPU_P_t5', 'disc_IPU_P_t4', 'disc_IPU_P_t3', 'IPU_I_t3', 'disc_IPU_I_t3']	[0.16204557633466465, 0.15092239773619964, 0.13325287848186254, 0.11689004999076531, 0.09178691352847455, 0.09090250629219396, 0.0736825148521146, 0.06924132544430867, 0.0397342434103561, 0.03834181177241485, 0.017529581585695654, 0.01567020057094949]	0.54	0.54
DefaultMode.MPFC	model_rank	LREG	['Pupil_area_P', 'Saccades_P', 'AU_eyes_I', 'AUs_mouth_I', 'Gaze_movement_quantity_P', 'Blinks_P', 'AU_all_I', 'Neutral_I', 'Happy_I']	['AUs_mouth_I_t7', 'AUs_mouth_I_t6', 'AUs_mouth_I_t5', 'AUs_mouth_I_t4', 'AUs_mouth_I_t3', 'AU_eyes_I_t7', 'AU_eyes_I_t6', 'AU_eyes_I_t5', 'AU_eyes_I_t4', 'AU_eyes_I_t3', 'AU_all_I_t7', 'AU_all_I_t6', 'AU_all_I_t5', 'AU_all_I_t4', 'AU_all_I_t3', 'Happy_I_t7', 'Happy_I_t6', 'Happy_I_t5', 'Happy_I_t4', 'Happy_I_t3', 'Neutral_I_t7', 'Neutral_I_t6', 'Neutral_I_t5', 'Neutral_I_t4', 'Neutral_I_t3', 'Gaze_movement_quantity_P_t7', 'Gaze_movement_quantity_P_t6', 'Gaze_movement_quantity_P_t5', 'Gaze_movement_quantity_P_t4', 'Gaze_movement_quantity_P_t3', 'Saccades_P_t7', 'Saccades_P_t6', 'Saccades_P_t5', 'Saccades_P_t4', 'Saccades_P_t3', 'Blinks_P_t3', 'Pupil_area_P_t7', 'Pupil_area_P_t6', 'Pupil_area_P_t5', 'Pupil_area_P_t4', 'Pupil_area_P_t3']	[0.40205671550127803, 0.1706317078566002, 0.10367909854047422, 0.0985322212840841, 0.06478455281059181, 0.058189914448011915, 0.04240017629000398, 0.03900664090350727, 0.020718972365448524]	0.53	0.53
Visual.Occipital	model_rank	MLP	['AUs_mouth_I', 'Pupil_area_P', 'Gaze_movement_quantity_P', 'AU_all_I', 'Saccades_P', 'AU_eyes_I', 'Neutral_I']	['AUs_mouth_I_t7', 'AUs_mouth_I_t6', 'AUs_mouth_I_t5', 'AUs_mouth_I_t4', 'AUs_mouth_I_t3', 'AU_eyes_I_t7', 'AU_eyes_I_t6', 'AU_eyes_I_t5', 'AU_eyes_I_t4', 'AU_eyes_I_t3', 'AU_all_I_t7', 'AU_all_I_t6', 'AU_all_I_t5', 'AU_all_I_t4', 'AU_all_I_t3', 'Neutral_I_t6', 'Neutral_I_t5', 'Gaze_movement_quantity_P_t7', 'Gaze_movement_quantity_P_t6', 'Gaze_movement_quantity_P_t5', 'Gaze_movement_quantity_P_t4', 'Gaze_movement_quantity_P_t3', 'Saccades_P_t7', 'Saccades_P_t4', 'Saccades_P_t3', 'Pupil_area_P_t7', 'Pupil_area_P_t6', 'Pupil_area_P_t5', 'Pupil_area_P_t4', 'Pupil_area_P_t3']	[0.20057146910756934, 0.1911006661576797, 0.1798637271588724, 0.17755779912730896, 0.11539772542098686, 0.11229944975487297, 0.023209163272709728]	0.53	0.56
Visual.Occipital	model_rank	LREG	['Pupil_area_P', 'Gaze_movement_quantity_P', 'AUs_mouth_I', 'Saccades_P', 'AU_all_I', 'AU_eyes_I', 'Neutral_I']	['AUs_mouth_I_t7', 'AUs_mouth_I_t6', 'AUs_mouth_I_t5', 'AUs_mouth_I_t4', 'AUs_mouth_I_t3', 'AU_eyes_I_t7', 'AU_eyes_I_t6', 'AU_eyes_I_t5', 'AU_eyes_I_t4', 'AU_eyes_I_t3', 'AU_all_I_t7', 'AU_all_I_t6', 'AU_all_I_t5', 'AU_all_I_t4', 'AU_all_I_t3', 'Neutral_I_t6', 'Neutral_I_t5', 'Gaze_movement_quantity_P_t7', 'Gaze_movement_quantity_P_t6', 'Gaze_movement_quantity_P_t5', 'Gaze_movement_quantity_P_t4', 'Gaze_movement_quantity_P_t3', 'Saccades_P_t7', 'Saccades_P_t4', 'Saccades_P_t3', 'Pupil_area_P_t7', 'Pupil_area_P_t6', 'Pupil_area_P_t5', 'Pupil_area_P_t4', 'Pupil_area_P_t3']	[0.28667881908015413, 0.19256123450739726, 0.15004227802421743, 0.14470043108215397, 0.10587104214758765, 0.09959379768619199, 0.02055239747229732]	0.54	0.54
Visual.Occipital	k_medoids	RF	['AU_eyes_I', 'IPU_P', 'IPU_I', 'AUs_mouth_I', 'AU_all_I', 'Saccades_P', 'Blinks_P', 'SpeechRate_I', 'ReactionTime_P', 'SpeechRate_P', 'disc_IPU_I', 'Feedbacks_P', 'TypeTokenRatio_P', 'disc_IPU_P', 'Subjectivity_P', 'Smiles_I', 'Sad_I', 'Overlap_I', 'Angry_I', 'UnionSocioItems_P', 'UnionSocioItems_I']	['IPU_P_t5', 'ReactionTime_P_t7', 'TypeTokenRatio_P_t6', 'Saccades_P_t6', 'Blinks_P_t6', 'IPU_P_t7', 'ReactionTime_P_t4', 'UnionSocioItems_P_t3', 'Smiles_I_t7', 'IPU_P_t3', 'IPU_I_t7', 'disc_IPU_I_t7', 'IPU_I_t6', 'disc_IPU_I_t6', 'IPU_I_t4', 'disc_IPU_I_t4', 'IPU_I_t5', 'disc_IPU_I_t5', 'IPU_P_t4', 'Subjectivity_P_t3', 'IPU_I_t3', 'disc_IPU_P_t7', 'disc_IPU_P_t3', 'AUs_mouth_I_t7', 'AU_all_I_t7', 'Feedbacks_P_t7', 'Feedbacks_P_t5', 'Feedbacks_P_t4', 'Feedbacks_P_t3', 'SpeechRate_P_t3', 'SpeechRate_I_t6', 'Angry_I_t3', 'Sad_I_t7', 'AU_eyes_I_t7', 'AU_eyes_I_t6', 'AU_eyes_I_t5', 'Overlap_I_t7', 'UnionSocioItems_I_t7', 'SpeechRate_I_t7']	[0.22118475014916408, 0.1663043934414006, 0.14037789880418367, 0.07786223522594059, 0.07106861121978005, 0.06670473939849618, 0.05134774169412835, 0.033890958260965796, 0.02779291679793263, 0.02611592232311454, 0.020254113929676756, 0.018230302721627185, 0.017462653826694898, 0.013149100350717428, 0.01070442525630717, 0.008918513113604722, 0.006593836841415209, 0.00643761949362853, 0.0059086968749268555, 0.005849216046133835, 0.0038413542301609844]	0.52	0.53
DorsalAttention.FEF_R	mi_rank	MLP	['Pupil_area_P', 'AU_eyes_I', 'Neutral_I', 'Angry_I', 'AU_all_I', 'AUs_mouth_I', 'Saccades_P', 'Sad_I', 'Blinks_P']	['Angry_I_t4', 'Sad_I_t3', 'Saccades_P_t6', 'Blinks_P_t5', 'Neutral_I_t5', 'Neutral_I_t4', 'Angry_I_t6', 'Blinks_P_t6', 'Saccades_P_t5', 'Neutral_I_t3', 'Neutral_I_t7', 'Neutral_I_t6', 'Angry_I_t3', 'Angry_I_t7', 'AU_eyes_I_t7', 'AU_eyes_I_t6', 'AUs_mouth_I_t7', 'AUs_mouth_I_t6', 'AUs_mouth_I_t5', 'AU_eyes_I_t3', 'AU_eyes_I_t4', 'AU_eyes_I_t5', 'AUs_mouth_I_t4', 'AUs_mouth_I_t3', 'Pupil_area_P_t3', 'Pupil_area_P_t4', 'AU_all_I_t7', 'Pupil_area_P_t7', 'AU_all_I_t5', 'Pupil_area_P_t6', 'AU_all_I_t6', 'Pupil_area_P_t5', 'AU_all_I_t4', 'AU_all_I_t3']	[0.19587444242126606, 0.18586482589104936, 0.18524605833634972, 0.1424885548013798, 0.1239136500506386, 0.07417834748476108, 0.05866395515449518, 0.019587434769403583, 0.014182731090656627]	0.53	0.53
DorsalAttention.FEF_R	model_rank	LREG	['Pupil_area_P']	['Pupil_area_P_t7', 'Pupil_area_P_t5', 'Pupil_area_P_t4', 'Pupil_area_P_t3']	[1.0]	0.52	0.53
DorsalAttention.FEF_R	k_medoids	RF	['Pupil_area_P', 'IPU_P', 'Saccades_P', 'IPU_I', 'Subjectivity_P', 'Angry_I', 'disc_IPU_I']	['IPU_P_t7', 'IPU_P_t6', 'Subjectivity_P_t5', 'IPU_I_t5', 'disc_IPU_I_t5', 'Angry_I_t7', 'Angry_I_t3', 'Pupil_area_P_t5', 'IPU_P_t5', 'disc_IPU_I_t6', 'Saccades_P_t5', 'Pupil_area_P_t7', 'Pupil_area_P_t6']	[0.48413403508716885, 0.24615728350541777, 0.14384839614890949, 0.05990823113453904, 0.02231689599252394, 0.022171405189434, 0.021463752942006892]	0.52	0.52
FrontoParietal.LPFC_R	k_medoids	MLP	['IPU_P', 'IPU_I', 'AUs_mouth_I', 'AU_eyes_I', 'disc_IPU_P', 'LexicalRichness_P', 'AU_all_I', 'SpeechRate_P', 'Sad_I', 'Feedbacks_P', 'Subjectivity_P', 'Overlap_I', 'UnionSocioItems_I', 'ReactionTime_P', 'Angry_I', 'Blinks_P']	['IPU_P_t5', 'IPU_P_t7', 'IPU_P_t6', 'ReactionTime_P_t4', 'Subjectivity_P_t6', 'Blinks_P_t3', 'IPU_P_t3', 'IPU_I_t7', 'IPU_I_t6', 'IPU_I_t4', 'IPU_I_t5', 'IPU_P_t4', 'IPU_I_t3', 'disc_IPU_P_t7', 'disc_IPU_P_t6', 'disc_IPU_P_t5', 'disc_IPU_P_t4', 'AUs_mouth_I_t7', 'AUs_mouth_I_t6', 'AUs_mouth_I_t5', 'AUs_mouth_I_t4', 'AUs_mouth_I_t3', 'AU_all_I_t7', 'AU_all_I_t6', 'AU_all_I_t5', 'AU_all_I_t4', 'AU_all_I_t3', 'Feedbacks_P_t7', 'LexicalRichness_P_t6', 'LexicalRichness_P_t5', 'SpeechRate_P_t6', 'Angry_I_t5', 'Sad_I_t7', 'Sad_I_t5', 'AU_eyes_I_t7', 'AU_eyes_I_t6', 'AU_eyes_I_t5', 'AU_eyes_I_t3', 'Overlap_I_t7', 'UnionSocioItems_I_t7']	[0.19940951857212966, 0.13504333726883969, 0.10385587103493393, 0.08990940393078063, 0.08415366681898377, 0.08009015926089297, 0.06808311726191196, 0.051398083785553904, 0.04158775533645298, 0.03137875981530752, 0.02810902374538888, 0.024482200855685397, 0.01644186236368165, 0.016250975263863654, 0.015970511130706543, 0.013835753554886868]	0.55	0.55
FrontoParietal.LPFC_R	k_medoids	LREG	['AU_eyes_I', 'IPU_P', 'AUs_mouth_I']	['IPU_P_t7', 'IPU_P_t6', 'AUs_mouth_I_t4', 'AUs_mouth_I_t3', 'AU_eyes_I_t7', 'AU_eyes_I_t4', 'AU_eyes_I_t3', 'IPU_P_t5', 'IPU_P_t4', 'AUs_mouth_I_t7', 'AU_eyes_I_t6', 'IPU_P_t3', 'AUs_mouth_I_t6', 'AUs_mouth_I_t5', 'AU_eyes_I_t5']	[0.596069845205629, 0.20502246017191258, 0.19890769462245836]	0.56	0.56
FrontoParietal.LPFC_R	model_rank	RF	['AU_eyes_I', 'Gaze_movement_quantity_P']	['AU_eyes_I_t7', 'Gaze_movement_quantity_P_t4']	[0.5299061747912196, 0.47009382520878035]	0.53	0.53
Salience.RPFC_R	k_medoids	MLP	['disc_IPU_P', 'Feedbacks_P', 'ReactionTime_P', 'AU_eyes_I', 'Pupil_area_P', 'Blinks_P', 'IPU_P', 'Saccades_P', 'IPU_I', 'Polarity_P', 'Neutral_I', 'Subjectivity_I', 'UnionSocioItems_P', 'AUs_mouth_I', 'ReactionTime_I', 'LexicalRichness_I', 'TypeTokenRatio_P', 'Overlap_I', 'Smiles_I', 'SpeechRate_I', 'Happy_I']	['AU_eyes_I_t4', 'IPU_I_t5', 'Smiles_I_t7', 'Pupil_area_P_t7', 'Pupil_area_P_t6', 'Pupil_area_P_t5', 'Pupil_area_P_t4', 'Pupil_area_P_t3', 'IPU_P_t3', 'disc_IPU_P_t3', 'TypeTokenRatio_P_t3', 'IPU_I_t7', 'IPU_I_t6', 'IPU_I_t4', 'IPU_I_t3', 'Feedbacks_P_t5', 'AU_eyes_I_t6', 'AU_eyes_I_t5', 'Saccades_P_t6', 'Blinks_P_t5', 'Blinks_P_t4', 'ReactionTime_P_t6', 'Saccades_P_t5', 'ReactionTime_P_t5', 'UnionSocioItems_P_t4', 'Subjectivity_I_t6', 'Saccades_P_t4', 'ReactionTime_P_t4', 'Subjectivity_I_t5', 'Saccades_P_t3', 'ReactionTime_P_t7', 'ReactionTime_P_t3', 'IPU_P_t7', 'IPU_P_t6', 'AU_eyes_I_t7', 'IPU_P_t5', 'IPU_P_t4', 'disc_IPU_P_t4', 'TypeTokenRatio_P_t4', 'AU_eyes_I_t3', 'disc_IPU_P_t5', 'Polarity_P_t5', 'ReactionTime_I_t7', 'AUs_mouth_I_t7', 'Polarity_P_t4', 'disc_IPU_P_t7', 'Polarity_P_t6', 'Happy_I_t5', 'Neutral_I_t4', 'Neutral_I_t3', 'Feedbacks_P_t7', 'Feedbacks_P_t6', 'Overlap_I_t6', 'LexicalRichness_I_t4', 'SpeechRate_I_t5']	[0.13077364040423622, 0.11320949695028301, 0.0929549406209394, 0.0907482017102736, 0.08204223199527219, 0.0743300866749362, 0.07151266116672196, 0.06103318692451555, 0.04005498512736598, 0.03428367986293361, 0.031560038635161096, 0.02686464427124479, 0.024653307377675262, 0.024397973787870834, 0.01955148784798985, 0.018646461610181353, 0.014705292195352751, 0.014013676742132707, 0.013539920736800005, 0.012779580342913564, 0.008344505015200065]	0.55	0.55
Salience.RPFC_R	model_rank	LREG	['Blinks_P', 'AUs_mouth_I', 'Gaze_movement_quantity_P', 'Pupil_area_P', 'Saccades_P', 'AU_all_I', 'AU_eyes_I', 'IPU_I', 'Neutral_I', 'IPU_P', 'Happy_I']	['IPU_P_t7', 'IPU_P_t6', 'IPU_P_t5', 'IPU_P_t4', 'IPU_P_t3', 'IPU_I_t4', 'IPU_I_t3', 'AUs_mouth_I_t7', 'AUs_mouth_I_t6', 'AUs_mouth_I_t5', 'AUs_mouth_I_t4', 'AUs_mouth_I_t3', 'AU_eyes_I_t7', 'AU_eyes_I_t6', 'AU_eyes_I_t5', 'AU_eyes_I_t4', 'AU_eyes_I_t3', 'AU_all_I_t7', 'AU_all_I_t6', 'AU_all_I_t5', 'AU_all_I_t4', 'AU_all_I_t3', 'Happy_I_t7', 'Happy_I_t6', 'Happy_I_t5', 'Happy_I_t4', 'Happy_I_t3', 'Neutral_I_t7', 'Neutral_I_t6', 'Neutral_I_t5', 'Neutral_I_t4', 'Neutral_I_t3', 'Gaze_movement_quantity_P_t7', 'Gaze_movement_quantity_P_t6', 'Gaze_movement_quantity_P_t5', 'Gaze_movement_quantity_P_t4', 'Gaze_movement_quantity_P_t3', 'Saccades_P_t7', 'Saccades_P_t6', 'Saccades_P_t5', 'Saccades_P_t4', 'Saccades_P_t3', 'Blinks_P_t7', 'Blinks_P_t6', 'Blinks_P_t5', 'Blinks_P_t4', 'Blinks_P_t3', 'Pupil_area_P_t7', 'Pupil_area_P_t6', 'Pupil_area_P_t5', 'Pupil_area_P_t4', 'Pupil_area_P_t3']	[0.17650459832502668, 0.17360347674352836, 0.1366828684749079, 0.12242412578745915, 0.10244954537359738, 0.09411377894914391, 0.059605468795203724, 0.04953372653164928, 0.03860490405948323, 0.02618592188161495, 0.020291585078385313]	0.56	0.56
Salience.RPFC_R	model_rank	RF	['Pupil_area_P', 'AU_eyes_I', 'Gaze_movement_quantity_P', 'AUs_mouth_I', 'Saccades_P', 'Neutral_I', 'AU_all_I', 'Happy_I', 'Blinks_P', 'IPU_P', 'IPU_I', 'SpeechRate_P']	['IPU_P_t7', 'IPU_P_t6', 'IPU_P_t5', 'IPU_P_t4', 'IPU_P_t3', 'SpeechRate_P_t5', 'SpeechRate_P_t3', 'IPU_I_t6', 'IPU_I_t5', 'IPU_I_t4', 'IPU_I_t3', 'AUs_mouth_I_t7', 'AUs_mouth_I_t6', 'AUs_mouth_I_t5', 'AUs_mouth_I_t4', 'AUs_mouth_I_t3', 'AU_eyes_I_t7', 'AU_eyes_I_t6', 'AU_eyes_I_t5', 'AU_eyes_I_t4', 'AU_eyes_I_t3', 'AU_all_I_t7', 'AU_all_I_t6', 'AU_all_I_t5', 'AU_all_I_t4', 'AU_all_I_t3', 'Happy_I_t7', 'Happy_I_t6', 'Happy_I_t5', 'Happy_I_t4', 'Happy_I_t3', 'Neutral_I_t7', 'Neutral_I_t6', 'Neutral_I_t5', 'Neutral_I_t4', 'Neutral_I_t3', 'Gaze_movement_quantity_P_t7', 'Gaze_movement_quantity_P_t6', 'Gaze_movement_quantity_P_t5', 'Gaze_movement_quantity_P_t4', 'Gaze_movement_quantity_P_t3', 'Saccades_P_t7', 'Saccades_P_t6', 'Saccades_P_t5', 'Saccades_P_t4', 'Saccades_P_t3', 'Blinks_P_t7', 'Blinks_P_t6', 'Blinks_P_t5', 'Blinks_P_t4', 'Blinks_P_t3', 'Pupil_area_P_t7', 'Pupil_area_P_t6', 'Pupil_area_P_t5', 'Pupil_area_P_t4', 'Pupil_area_P_t3']	[0.11314222218370948, 0.1050754853678926, 0.10372420384026926, 0.10067415123418061, 0.099469623901948, 0.09800142941062118, 0.09475030835010474, 0.08676655665620558, 0.06943152737546643, 0.0641033636201406, 0.046245744271846675, 0.018615383787614837]	0.55	0.55
Visual.Lateral_R	mi_rank	MLP	['AU_eyes_I', 'Happy_I', 'SpeechRate_P', 'LexicalRichness_P', 'AU_all_I', 'IPU_P', 'Blinks_P', 'TypeTokenRatio_P', 'disc_IPU_P', 'AUs_mouth_I']	['Blinks_P_t5', 'AU_all_I_t3', 'AU_eyes_I_t4', 'AU_eyes_I_t6', 'SpeechRate_P_t4', 'Happy_I_t6', 'AUs_mouth_I_t3', 'AU_eyes_I_t3', 'AU_eyes_I_t5', 'AU_eyes_I_t7', 'SpeechRate_P_t3', 'TypeTokenRatio_P_t3', 'Happy_I_t7', 'disc_IPU_P_t3', 'LexicalRichness_P_t4', 'TypeTokenRatio_P_t4', 'Happy_I_t4', 'Happy_I_t3', 'IPU_P_t3', 'disc_IPU_P_t4', 'IPU_P_t4', 'Happy_I_t5']	[0.2524576252470421, 0.24073939866335597, 0.1465640283185149, 0.09099568362856597, 0.06862500053770257, 0.06823795954875829, 0.052047227402311096, 0.045289226749288106, 0.024251368086728068, 0.010792481817732982]	0.55	0.55
Visual.Lateral_R	model_rank	LREG	['Pupil_area_P', 'Blinks_P', 'Saccades_P', 'AU_eyes_I', 'AUs_mouth_I', 'Gaze_movement_quantity_P', 'AU_all_I', 'Neutral_I', 'Happy_I', 'IPU_P']	['IPU_P_t4', 'AUs_mouth_I_t7', 'AUs_mouth_I_t6', 'AUs_mouth_I_t5', 'AUs_mouth_I_t4', 'AUs_mouth_I_t3', 'AU_eyes_I_t7', 'AU_eyes_I_t6', 'AU_eyes_I_t5', 'AU_eyes_I_t4', 'AU_eyes_I_t3', 'AU_all_I_t7', 'AU_all_I_t6', 'AU_all_I_t5', 'AU_all_I_t4', 'AU_all_I_t3', 'Happy_I_t7', 'Happy_I_t6', 'Happy_I_t5', 'Happy_I_t4', 'Happy_I_t3', 'Neutral_I_t7', 'Neutral_I_t6', 'Neutral_I_t5', 'Neutral_I_t4', 'Neutral_I_t3', 'Gaze_movement_quantity_P_t7', 'Gaze_movement_quantity_P_t6', 'Gaze_movement_quantity_P_t5', 'Gaze_movement_quantity_P_t4', 'Gaze_movement_quantity_P_t3', 'Saccades_P_t7', 'Saccades_P_t6', 'Saccades_P_t5', 'Saccades_P_t4', 'Saccades_P_t3', 'Blinks_P_t7', 'Blinks_P_t6', 'Blinks_P_t5', 'Blinks_P_t4', 'Blinks_P_t3', 'Pupil_area_P_t7', 'Pupil_area_P_t6', 'Pupil_area_P_t5', 'Pupil_area_P_t4', 'Pupil_area_P_t3']	[0.2555815322024633, 0.2081421202154878, 0.14348442987973242, 0.10804732240041713, 0.0903760172764909, 0.06369208192950657, 0.04124998456689233, 0.03727744871862247, 0.029223731064637163, 0.022925331745749927]	0.54	0.54
Visual.Lateral_R	mi_rank	RF	['AU_eyes_I', 'Happy_I', 'IPU_P', 'AUs_mouth_I', 'SpeechRate_P', 'LexicalRichness_P', 'TypeTokenRatio_P', 'disc_IPU_P']	['AUs_mouth_I_t3', 'AU_eyes_I_t6', 'AU_eyes_I_t3', 'SpeechRate_P_t4', 'AU_eyes_I_t7', 'LexicalRichness_P_t3', 'AU_eyes_I_t5', 'TypeTokenRatio_P_t3', 'Happy_I_t6', 'SpeechRate_P_t3', 'Happy_I_t7', 'disc_IPU_P_t3', 'LexicalRichness_P_t4', 'Happy_I_t4', 'TypeTokenRatio_P_t4', 'Happy_I_t3', 'IPU_P_t3', 'disc_IPU_P_t4', 'IPU_P_t4', 'Happy_I_t5']	[0.35144081492341783, 0.34041845224600165, 0.09380001413829044, 0.09143598799357784, 0.05594782313555161, 0.029282321022054296, 0.026341747032295124, 0.011332839508811247]	0.54	0.54
Cerebellar.Posterior	k_medoids	RF	['Happy_I', 'ReactionTime_P', 'IPU_P', 'SpeechRate_P', 'LexicalRichness_P', 'TypeTokenRatio_P', 'IPU_I', 'Feedbacks_P', 'disc_IPU_P', 'disc_IPU_I']	['ReactionTime_P_t7', 'ReactionTime_P_t6', 'ReactionTime_P_t5', 'ReactionTime_P_t4', 'ReactionTime_P_t3', 'TypeTokenRatio_P_t7', 'TypeTokenRatio_P_t6', 'IPU_P_t6', 'IPU_P_t7', 'disc_IPU_P_t7', 'disc_IPU_P_t6', 'Happy_I_t7', 'Happy_I_t5', 'Feedbacks_P_t7', 'Feedbacks_P_t6', 'LexicalRichness_P_t6', 'LexicalRichness_P_t4', 'SpeechRate_P_t7', 'SpeechRate_P_t6', 'IPU_I_t7', 'disc_IPU_I_t7']	[0.23426216529671792, 0.19108230091085743, 0.17923630947880226, 0.14495162799465106, 0.07895101386438255, 0.06795133809695623, 0.062324766487740116, 0.0172450872729125, 0.01585025558943224, 0.008145135007547728]	0.53	0.53
Language.IFG_L	k_medoids	MLP	['Smiles_I', 'IPU_I', 'AU_eyes_I', 'Feedbacks_P', 'ReactionTime_P', 'AUs_mouth_I', 'Subjectivity_P', 'IPU_P', 'Pupil_area_P', 'Saccades_P', 'Angry_I', 'Subjectivity_I', 'Sad_I', 'Blinks_P', 'disc_IPU_P', 'SpeechRate_I', 'ReactionTime_I', 'Polarity_P', 'Polarity_I', 'SpeechRate_P', 'Happy_I', 'TypeTokenRatio_P', 'TypeTokenRatio_I', 'UnionSocioItems_I']	['AU_eyes_I_t4', 'IPU_I_t5', 'Smiles_I_t7', 'Smiles_I_t6', 'Smiles_I_t5', 'Smiles_I_t3', 'Pupil_area_P_t7', 'Pupil_area_P_t6', 'IPU_P_t3', 'disc_IPU_P_t3', 'IPU_I_t7', 'IPU_I_t6', 'TypeTokenRatio_I_t6', 'IPU_I_t4', 'IPU_I_t3', 'Feedbacks_P_t5', 'SpeechRate_P_t5', 'AU_eyes_I_t6', 'Sad_I_t6', 'Saccades_P_t6', 'Blinks_P_t7', 'Blinks_P_t5', 'Blinks_P_t4', 'ReactionTime_P_t6', 'ReactionTime_P_t5', 'Saccades_P_t4', 'ReactionTime_P_t4', 'Subjectivity_I_t5', 'ReactionTime_P_t7', 'ReactionTime_P_t3', 'Subjectivity_I_t4', 'IPU_P_t7', 'AU_eyes_I_t7', 'IPU_P_t5', 'Subjectivity_P_t7', 'Subjectivity_P_t5', 'IPU_P_t4', 'TypeTokenRatio_P_t4', 'AU_eyes_I_t3', 'disc_IPU_P_t5', 'Polarity_P_t5', 'Polarity_I_t6', 'Happy_I_t3', 'ReactionTime_I_t7', 'AUs_mouth_I_t7', 'AUs_mouth_I_t6', 'AUs_mouth_I_t5', 'AUs_mouth_I_t4', 'Polarity_P_t4', 'Polarity_P_t3', 'Polarity_I_t3', 'disc_IPU_P_t7', 'Polarity_I_t7', 'Polarity_I_t5', 'Feedbacks_P_t7', 'Feedbacks_P_t6', 'Feedbacks_P_t3', 'SpeechRate_P_t4', 'UnionSocioItems_I_t7', 'SpeechRate_I_t4', 'Angry_I_t4', 'Angry_I_t3']	[0.10417432859325043, 0.09850476412876362, 0.09461731539709266, 0.09201058103931238, 0.08590451841920511, 0.07570126998892901, 0.06437869651901683, 0.053584561013685895, 0.04961048037894246, 0.04286954037818626, 0.037620024531680306, 0.03556012590540171, 0.02987096763474373, 0.02512394656394113, 0.022479836619393907, 0.021689823292210156, 0.01724985670690796, 0.012605271651438385, 0.012230497754639556, 0.008238558960487339, 0.005662024752818288, 0.004010883284255239, 0.0033806193436807484, 0.0029215071420168864]	0.53	0.53
Language.IFG_L	model_rank	LREG	['Pupil_area_P', 'Gaze_movement_quantity_P', 'Blinks_P', 'AU_eyes_I', 'AUs_mouth_I', 'AU_all_I', 'Saccades_P', 'Happy_I', 'Neutral_I', 'IPU_P', 'IPU_I']	['IPU_P_t7', 'IPU_P_t6', 'IPU_P_t5', 'IPU_P_t4', 'IPU_P_t3', 'IPU_I_t6', 'IPU_I_t3', 'AUs_mouth_I_t7', 'AUs_mouth_I_t6', 'AUs_mouth_I_t5', 'AUs_mouth_I_t4', 'AUs_mouth_I_t3', 'AU_eyes_I_t7', 'AU_eyes_I_t6', 'AU_eyes_I_t5', 'AU_eyes_I_t4', 'AU_eyes_I_t3', 'AU_all_I_t7', 'AU_all_I_t6', 'AU_all_I_t5', 'AU_all_I_t4', 'AU_all_I_t3', 'Happy_I_t7', 'Happy_I_t6', 'Happy_I_t5', 'Happy_I_t4', 'Happy_I_t3', 'Neutral_I_t7', 'Neutral_I_t6', 'Neutral_I_t5', 'Neutral_I_t4', 'Neutral_I_t3', 'Gaze_movement_quantity_P_t7', 'Gaze_movement_quantity_P_t6', 'Gaze_movement_quantity_P_t5', 'Gaze_movement_quantity_P_t4', 'Gaze_movement_quantity_P_t3', 'Saccades_P_t7', 'Saccades_P_t6', 'Saccades_P_t5', 'Saccades_P_t4', 'Saccades_P_t3', 'Blinks_P_t7', 'Blinks_P_t6', 'Blinks_P_t5', 'Blinks_P_t4', 'Blinks_P_t3', 'Pupil_area_P_t7', 'Pupil_area_P_t6', 'Pupil_area_P_t5', 'Pupil_area_P_t4', 'Pupil_area_P_t3']	[0.2200746194569308, 0.2192404367384324, 0.12531935191815197, 0.11794605460793921, 0.08874445143455961, 0.060125335919675976, 0.04977276388075919, 0.033723091526752874, 0.03229631282074104, 0.028557372254976916, 0.02420020944107993]	0.51	0.52
Language.IFG_L	model_rank	RF	['Pupil_area_P', 'AUs_mouth_I', 'AU_all_I']	['AUs_mouth_I_t7', 'AUs_mouth_I_t4', 'AUs_mouth_I_t3', 'AU_all_I_t6', 'AU_all_I_t4', 'Pupil_area_P_t7', 'Pupil_area_P_t6', 'Pupil_area_P_t5', 'Pupil_area_P_t4', 'Pupil_area_P_t3']	[0.5060843279510475, 0.2984275747286931, 0.19548809732025924]	0.54	0.54
DorsalAttention.IPS_L	model_rank	LREG	['Gaze_movement_quantity_P', 'Blinks_P', 'Pupil_area_P', 'AU_eyes_I', 'IPU_I', 'Saccades_P', 'AUs_mouth_I', 'AU_all_I', 'Happy_I', 'Neutral_I', 'IPU_P', 'SpeechRate_P']	['IPU_P_t7', 'IPU_P_t6', 'IPU_P_t5', 'IPU_P_t4', 'IPU_P_t3', 'SpeechRate_P_t5', 'SpeechRate_P_t3', 'IPU_I_t6', 'IPU_I_t5', 'IPU_I_t4', 'IPU_I_t3', 'AUs_mouth_I_t7', 'AUs_mouth_I_t6', 'AUs_mouth_I_t5', 'AUs_mouth_I_t4', 'AUs_mouth_I_t3', 'AU_eyes_I_t7', 'AU_eyes_I_t6', 'AU_eyes_I_t5', 'AU_eyes_I_t4', 'AU_eyes_I_t3', 'AU_all_I_t7', 'AU_all_I_t6', 'AU_all_I_t5', 'AU_all_I_t4', 'AU_all_I_t3', 'Happy_I_t7', 'Happy_I_t6', 'Happy_I_t5', 'Happy_I_t4', 'Happy_I_t3', 'Neutral_I_t7', 'Neutral_I_t6', 'Neutral_I_t5', 'Neutral_I_t4', 'Neutral_I_t3', 'Gaze_movement_quantity_P_t7', 'Gaze_movement_quantity_P_t6', 'Gaze_movement_quantity_P_t5', 'Gaze_movement_quantity_P_t4', 'Gaze_movement_quantity_P_t3', 'Saccades_P_t7', 'Saccades_P_t6', 'Saccades_P_t5', 'Saccades_P_t4', 'Saccades_P_t3', 'Blinks_P_t7', 'Blinks_P_t6', 'Blinks_P_t5', 'Blinks_P_t4', 'Blinks_P_t3', 'Pupil_area_P_t7', 'Pupil_area_P_t6', 'Pupil_area_P_t5', 'Pupil_area_P_t4', 'Pupil_area_P_t3']	[0.17885319084884946, 0.1214457305132012, 0.1095621556066486, 0.10349396454697334, 0.10264483988528807, 0.088937229477108, 0.07738517061655774, 0.06806856213962384, 0.04940822498853661, 0.04752931429188941, 0.027735979136985892, 0.02493563794833779]	0.56	0.56
DorsalAttention.IPS_L	k_medoids	RF	['IPU_I', 'IPU_P', 'Smiles_I', 'ReactionTime_P', 'UnionSocioItems_P', 'Feedbacks_P', 'disc_IPU_I', 'disc_IPU_P']	['IPU_P_t7', 'IPU_P_t6', 'disc_IPU_P_t6', 'UnionSocioItems_P_t7', 'IPU_I_t4', 'IPU_P_t5', 'disc_IPU_I_t6', 'Smiles_I_t5', 'Smiles_I_t4', 'IPU_P_t3', 'ReactionTime_P_t5', 'Feedbacks_P_t4', 'Feedbacks_P_t3', 'UnionSocioItems_P_t3', 'IPU_I_t6', 'IPU_I_t5']	[0.4196187542643273, 0.32533656149569656, 0.08310726706677646, 0.06489058003390014, 0.045273071489939094, 0.03139320609280732, 0.018299402563351202, 0.01208115699320201]	0.55	0.55
Salience.ACC	mi_rank	MLP	['AU_eyes_I', 'TypeTokenRatio_I', 'LexicalRichness_I', 'IPU_I', 'disc_IPU_I', 'SpeechRate_I', 'IPU_P']	['IPU_I_t5', 'LexicalRichness_I_t4', 'AU_eyes_I_t4', 'LexicalRichness_I_t3', 'AU_eyes_I_t3', 'IPU_P_t7', 'TypeTokenRatio_I_t4', 'SpeechRate_I_t4', 'TypeTokenRatio_I_t3', 'SpeechRate_I_t3', 'disc_IPU_I_t4', 'disc_IPU_I_t3', 'IPU_I_t4', 'IPU_I_t3']	[0.23741637865197152, 0.222269587541695, 0.16573053055186848, 0.15538088950113405, 0.12534132863430755, 0.09000606827305604, 0.003855216845967344]	0.55	0.55
Salience.ACC	model_rank	LREG	['AU_eyes_I', 'AU_all_I', 'Gaze_movement_quantity_P', 'Pupil_area_P', 'AUs_mouth_I', 'Saccades_P', 'IPU_I', 'Neutral_I', 'Happy_I']	['IPU_I_t4', 'IPU_I_t3', 'AUs_mouth_I_t7', 'AUs_mouth_I_t6', 'AUs_mouth_I_t5', 'AUs_mouth_I_t4', 'AUs_mouth_I_t3', 'AU_eyes_I_t7', 'AU_eyes_I_t6', 'AU_eyes_I_t5', 'AU_eyes_I_t4', 'AU_eyes_I_t3', 'AU_all_I_t7', 'AU_all_I_t6', 'AU_all_I_t5', 'AU_all_I_t4', 'AU_all_I_t3', 'Happy_I_t7', 'Happy_I_t5', 'Neutral_I_t7', 'Neutral_I_t6', 'Neutral_I_t5', 'Neutral_I_t4', 'Neutral_I_t3', 'Gaze_movement_quantity_P_t7', 'Gaze_movement_quantity_P_t6', 'Gaze_movement_quantity_P_t5', 'Gaze_movement_quantity_P_t4', 'Gaze_movement_quantity_P_t3', 'Saccades_P_t7', 'Saccades_P_t6', 'Saccades_P_t5', 'Saccades_P_t4', 'Saccades_P_t3', 'Pupil_area_P_t7', 'Pupil_area_P_t6', 'Pupil_area_P_t5', 'Pupil_area_P_t4', 'Pupil_area_P_t3']	[0.16003006766534444, 0.1577104553272128, 0.15731382667386615, 0.156358828339822, 0.12087195330228878, 0.1006814650437589, 0.09406171682444708, 0.037448357309140354, 0.01552332951411949]	0.54	0.54
Salience.ACC	model_rank	RF	['IPU_I', 'AUs_mouth_I', 'Gaze_movement_quantity_P', 'Pupil_area_P', 'AU_eyes_I', 'Saccades_P', 'AU_all_I', 'Neutral_I']	['IPU_I_t3', 'AUs_mouth_I_t7', 'AUs_mouth_I_t6', 'AUs_mouth_I_t5', 'AUs_mouth_I_t4', 'AUs_mouth_I_t3', 'AU_eyes_I_t7', 'AU_eyes_I_t6', 'AU_eyes_I_t5', 'AU_eyes_I_t4', 'AU_eyes_I_t3', 'AU_all_I_t7', 'AU_all_I_t6', 'AU_all_I_t5', 'AU_all_I_t4', 'AU_all_I_t3', 'Neutral_I_t7', 'Neutral_I_t6', 'Neutral_I_t3', 'Gaze_movement_quantity_P_t7', 'Gaze_movement_quantity_P_t6', 'Gaze_movement_quantity_P_t5', 'Gaze_movement_quantity_P_t4', 'Gaze_movement_quantity_P_t3', 'Saccades_P_t7', 'Saccades_P_t6', 'Saccades_P_t5', 'Saccades_P_t4', 'Saccades_P_t3', 'Pupil_area_P_t7', 'Pupil_area_P_t6', 'Pupil_area_P_t5', 'Pupil_area_P_t4', 'Pupil_area_P_t3']	[0.24363588063038305, 0.1425510871587157, 0.12498493475665476, 0.12211203502489149, 0.09775958810842736, 0.0946378153580292, 0.08871826860457142, 0.085600390358327]	0.56	0.56
Salience.SMG_L	k_medoids	MLP	['IPU_I', 'UnionSocioItems_P', 'AU_eyes_I', 'ReactionTime_P', 'disc_IPU_P', 'IPU_P', 'Feedbacks_P', 'Subjectivity_P', 'Smiles_I', 'Happy_I', 'Saccades_P', 'disc_IPU_I', 'Overlap_I', 'Blinks_P', 'TypeTokenRatio_I', 'LexicalRichness_P', 'AUs_mouth_I', 'Subjectivity_I', 'SpeechRate_P', 'Neutral_I', 'Polarity_I']	['AU_eyes_I_t4', 'IPU_I_t5', 'Smiles_I_t7', 'Smiles_I_t6', 'IPU_P_t3', 'IPU_I_t7', 'IPU_I_t6', 'IPU_I_t4', 'disc_IPU_I_t4', 'TypeTokenRatio_I_t4', 'IPU_I_t3', 'disc_IPU_I_t3', 'AU_eyes_I_t6', 'AU_eyes_I_t5', 'Saccades_P_t6', 'Blinks_P_t7', 'Blinks_P_t6', 'ReactionTime_P_t6', 'UnionSocioItems_P_t5', 'Saccades_P_t5', 'ReactionTime_P_t5', 'UnionSocioItems_P_t4', 'ReactionTime_P_t4', 'UnionSocioItems_P_t3', 'ReactionTime_P_t7', 'ReactionTime_P_t3', 'UnionSocioItems_P_t7', 'UnionSocioItems_P_t6', 'Subjectivity_I_t4', 'Saccades_P_t7', 'IPU_P_t7', 'Subjectivity_P_t6', 'AU_eyes_I_t7', 'IPU_P_t5', 'Subjectivity_P_t7', 'IPU_P_t4', 'Subjectivity_P_t4', 'AU_eyes_I_t3', 'disc_IPU_P_t3', 'Feedbacks_P_t7', 'LexicalRichness_P_t7', 'SpeechRate_P_t7', 'Overlap_I_t6', 'Overlap_I_t4', 'AUs_mouth_I_t7', 'disc_IPU_P_t7', 'Happy_I_t7', 'disc_IPU_P_t5', 'Polarity_I_t6', 'Happy_I_t3', 'disc_IPU_P_t4', 'Neutral_I_t6', 'Feedbacks_P_t3', 'Feedbacks_P_t6', 'LexicalRichness_P_t6', 'Feedbacks_P_t5', 'Feedbacks_P_t4']	[0.12765005219354247, 0.11491164763304859, 0.11468585043653814, 0.0891498369921158, 0.0844883987068671, 0.07160131241721426, 0.05658216126595704, 0.05370672557842225, 0.049675231952842624, 0.038844441864832574, 0.03507133087803935, 0.034824704486768714, 0.03328756843875243, 0.026794069646398282, 0.019974400119692308, 0.016515252455495327, 0.013715535001436427, 0.009217506990379704, 0.005383846782856175, 0.00244652270757782, 0.0014736034512226072]	0.53	0.53
Salience.SMG_L	k_medoids	LREG	['ReactionTime_P', 'Blinks_P', 'ReactionTime_I', 'Saccades_P', 'AU_eyes_I', 'Subjectivity_P', 'AUs_mouth_I', 'Happy_I', 'Overlap_I', 'IPU_P', 'disc_IPU_P', 'IPU_I', 'Subjectivity_I', 'Feedbacks_P', 'UnionSocioItems_P', 'Smiles_I', 'TypeTokenRatio_I', 'Polarity_I', 'disc_IPU_I', 'TypeTokenRatio_P', 'Neutral_I']	['AU_eyes_I_t4', 'IPU_I_t5', 'Smiles_I_t7', 'Smiles_I_t6', 'IPU_P_t3', 'IPU_I_t7', 'IPU_I_t6', 'IPU_I_t4', 'disc_IPU_I_t4', 'TypeTokenRatio_I_t4', 'IPU_I_t3', 'disc_IPU_I_t3', 'Feedbacks_P_t5', 'AU_eyes_I_t6', 'Saccades_P_t6', 'Blinks_P_t7', 'Blinks_P_t6', 'ReactionTime_P_t6', 'UnionSocioItems_P_t5', 'Saccades_P_t5', 'ReactionTime_P_t5', 'UnionSocioItems_P_t4', 'ReactionTime_P_t4', 'UnionSocioItems_P_t3', 'ReactionTime_P_t7', 'ReactionTime_P_t3', 'UnionSocioItems_P_t7', 'UnionSocioItems_P_t6', 'Subjectivity_I_t4', 'Saccades_P_t7', 'IPU_P_t7', 'Subjectivity_P_t6', 'AU_eyes_I_t7', 'IPU_P_t5', 'Subjectivity_P_t7', 'IPU_P_t4', 'disc_IPU_P_t4', 'TypeTokenRatio_P_t4', 'AU_eyes_I_t3', 'disc_IPU_P_t5', 'Polarity_I_t6', 'Neutral_I_t7', 'Neutral_I_t6', 'ReactionTime_I_t7', 'ReactionTime_I_t6', 'ReactionTime_I_t5', 'AUs_mouth_I_t7', 'disc_IPU_P_t3', 'Happy_I_t7', 'disc_IPU_P_t7', 'Happy_I_t5', 'Feedbacks_P_t7', 'Feedbacks_P_t4', 'Overlap_I_t4', 'Feedbacks_P_t3']	[0.1156688390201845, 0.1125259473942529, 0.10772647896744356, 0.09354646476076052, 0.09096315676957506, 0.07036915920170639, 0.06514282481199532, 0.04975461590183321, 0.04817598974202106, 0.04073107195927575, 0.03351325544141367, 0.0315068529504321, 0.02878642272135977, 0.024248131961808667, 0.019687315358472436, 0.018810392471638664, 0.017188577172469976, 0.0169930018433495, 0.006666043309580002, 0.00443089965239177, 0.003564558588035289]	0.53	0.53
Salience.SMG_L	k_medoids	RF	['IPU_P', 'Blinks_P', 'Happy_I', 'IPU_I', 'ReactionTime_P', 'Feedbacks_P', 'Subjectivity_P', 'disc_IPU_P', 'UnionSocioItems_P']	['IPU_P_t7', 'Subjectivity_P_t7', 'Blinks_P_t7', 'Blinks_P_t6', 'disc_IPU_P_t7', 'disc_IPU_P_t3', 'Happy_I_t7', 'ReactionTime_P_t4', 'UnionSocioItems_P_t3', 'IPU_P_t4', 'IPU_P_t3', 'Feedbacks_P_t7', 'Feedbacks_P_t5', 'Feedbacks_P_t4', 'Feedbacks_P_t3', 'IPU_I_t7', 'IPU_I_t6']	[0.2658330410089022, 0.2336943590519835, 0.17102937823697642, 0.15392752057139164, 0.06094567519816687, 0.04537650608258558, 0.03526461941895671, 0.019852464873174012, 0.014076435557863093]	0.53	0.54
FrontoParietal.PPC_L	k_medoids	LREG	['ReactionTime_I', 'Saccades_P', 'SpeechRate_P', 'Overlap_I', 'AU_eyes_I', 'Blinks_P', 'Sad_I', 'Pupil_area_P', 'LexicalRichness_I', 'Neutral_I', 'IPU_P', 'SpeechRate_I', 'IPU_I', 'Gaze_movement_quantity_P', 'disc_IPU_P', 'AUs_mouth_I', 'ReactionTime_P', 'AU_all_I', 'Polarity_P', 'Angry_I', 'UnionSocioItems_I', 'Polarity_I', 'Feedbacks_I', 'UnionSocioItems_P', 'Subjectivity_I', 'TypeTokenRatio_P', 'Smiles_I', 'Feedbacks_P', 'Happy_I']	['IPU_P_t5', 'Pupil_area_P_t3', 'Pupil_area_P_t4', 'Pupil_area_P_t6', 'Pupil_area_P_t5', 'Smiles_I_t7', 'Smiles_I_t6', 'Smiles_I_t3', 'Pupil_area_P_t7', 'Overlap_I_t5', 'LexicalRichness_I_t5', 'SpeechRate_I_t5', 'Sad_I_t4', 'Angry_I_t6', 'Angry_I_t7', 'Sad_I_t7', 'LexicalRichness_I_t3', 'Sad_I_t3', 'Saccades_P_t6', 'Blinks_P_t6', 'Saccades_P_t5', 'Blinks_P_t5', 'Saccades_P_t4', 'Blinks_P_t4', 'Saccades_P_t3', 'Blinks_P_t3', 'Saccades_P_t7', 'Blinks_P_t7', 'LexicalRichness_I_t4', 'Gaze_movement_quantity_P_t7', 'AU_eyes_I_t3', 'AU_eyes_I_t4', 'AU_eyes_I_t6', 'Sad_I_t6', 'UnionSocioItems_P_t5', 'Subjectivity_I_t7', 'AU_eyes_I_t7', 'IPU_I_t3', 'IPU_I_t4', 'IPU_I_t5', 'IPU_I_t6', 'IPU_I_t7', 'Feedbacks_I_t3', 'UnionSocioItems_I_t3', 'UnionSocioItems_I_t7', 'LexicalRichness_I_t7', 'disc_IPU_P_t4', 'Polarity_P_t4', 'Polarity_I_t3', 'Neutral_I_t6', 'disc_IPU_P_t5', 'Polarity_I_t6', 'Happy_I_t3', 'Neutral_I_t7', 'disc_IPU_P_t7', 'disc_IPU_P_t6', 'Happy_I_t7', 'Happy_I_t5', 'Happy_I_t4', 'Neutral_I_t4', 'disc_IPU_P_t3', 'ReactionTime_I_t7', 'ReactionTime_I_t6', 'ReactionTime_I_t5', 'AUs_mouth_I_t7', 'AUs_mouth_I_t6', 'AU_all_I_t7', 'AU_all_I_t6', 'Overlap_I_t3', 'Overlap_I_t4', 'Feedbacks_P_t7', 'TypeTokenRatio_P_t7', 'SpeechRate_P_t7', 'Feedbacks_P_t6', 'TypeTokenRatio_P_t6', 'SpeechRate_P_t6', 'Feedbacks_P_t5', 'Feedbacks_P_t4', 'Feedbacks_P_t3', 'SpeechRate_P_t3', 'Feedbacks_I_t5', 'UnionSocioItems_I_t5', 'Overlap_I_t6', 'Overlap_I_t7', 'IPU_P_t3', 'IPU_P_t4', 'ReactionTime_P_t7', 'UnionSocioItems_P_t4', 'Subjectivity_I_t6', 'IPU_P_t7', 'IPU_P_t6', 'Feedbacks_I_t4', 'UnionSocioItems_I_t6', 'LexicalRichness_I_t6', 'SpeechRate_I_t6']	[0.09673150047667661, 0.08035964741057118, 0.07604773850632375, 0.07401868741294784, 0.06864173862158354, 0.06338263533710034, 0.06192267107763376, 0.058473800923877724, 0.03870575547764792, 0.033989192067463356, 0.03251652340157242, 0.032091555712054784, 0.03150188677665716, 0.02987930857146709, 0.02738059271668982, 0.022602756090756022, 0.022355610493194126, 0.021860908517360667, 0.018630056685813738, 0.015983351891585854, 0.014967102689364745, 0.012452552056251105, 0.012243316667428124, 0.011095686569070291, 0.010495878400700764, 0.009708285197396084, 0.009107187228761852, 0.00750901711841555, 0.005345055903633628]	0.56	0.57
FrontoParietal.PPC_L	k_medoids	RF	['AU_eyes_I', 'Happy_I', 'Pupil_area_P', 'Neutral_I', 'IPU_P', 'AUs_mouth_I', 'IPU_I', 'AU_all_I', 'Blinks_P', 'ReactionTime_P', 'Saccades_P', 'ReactionTime_I', 'SpeechRate_P', 'TypeTokenRatio_P', 'disc_IPU_P', 'Feedbacks_P', 'Smiles_I', 'Subjectivity_I', 'Sad_I', 'Polarity_I', 'Polarity_P', 'UnionSocioItems_P', 'SpeechRate_I', 'Overlap_I']	['AU_eyes_I_t4', 'IPU_I_t5', 'Smiles_I_t7', 'Smiles_I_t6', 'Smiles_I_t3', 'Pupil_area_P_t7', 'Pupil_area_P_t6', 'Pupil_area_P_t5', 'IPU_P_t3', 'IPU_I_t7', 'IPU_I_t6', 'IPU_I_t4', 'IPU_I_t3', 'AU_eyes_I_t6', 'AU_eyes_I_t5', 'Sad_I_t6', 'Saccades_P_t6', 'Blinks_P_t6', 'Blinks_P_t5', 'ReactionTime_P_t6', 'UnionSocioItems_P_t5', 'Subjectivity_I_t7', 'ReactionTime_P_t5', 'UnionSocioItems_P_t4', 'Subjectivity_I_t6', 'ReactionTime_P_t4', 'ReactionTime_P_t7', 'Subjectivity_I_t3', 'IPU_P_t7', 'IPU_P_t6', 'AU_eyes_I_t7', 'IPU_P_t5', 'IPU_P_t4', 'TypeTokenRatio_P_t4', 'AU_eyes_I_t3', 'ReactionTime_I_t7', 'ReactionTime_I_t6', 'ReactionTime_I_t5', 'Feedbacks_P_t7', 'Feedbacks_P_t4', 'Overlap_I_t3', 'SpeechRate_I_t6', 'Sad_I_t7', 'Sad_I_t4', 'AUs_mouth_I_t7', 'AUs_mouth_I_t6', 'AU_all_I_t7', 'AU_all_I_t6', 'disc_IPU_P_t7', 'disc_IPU_P_t6', 'Happy_I_t5', 'Happy_I_t4', 'Neutral_I_t4', 'disc_IPU_P_t5', 'Polarity_P_t4', 'Polarity_I_t6', 'Neutral_I_t7', 'disc_IPU_P_t3', 'Polarity_I_t5', 'Happy_I_t7', 'Happy_I_t3', 'Neutral_I_t5', 'Feedbacks_P_t3', 'SpeechRate_P_t3', 'Feedbacks_P_t6', 'TypeTokenRatio_P_t6', 'SpeechRate_P_t6', 'Feedbacks_P_t5']	[0.16256692505509926, 0.11091375580472312, 0.10181015378550687, 0.085901315146776, 0.08572595889352277, 0.06740786937979973, 0.06702274597366052, 0.06522598091402301, 0.04301917482285115, 0.030809570200698654, 0.028547428432894525, 0.026925946511892784, 0.024934787247767078, 0.012683928536794266, 0.012173540287940914, 0.011429410457688702, 0.01010781488854758, 0.00877661978968921, 0.008337118293202434, 0.008146432717380449, 0.007994791952968325, 0.007400497834818144, 0.007096991656118204, 0.005041241415636045]	0.54	0.55
Cerebellar.Anterior	k_medoids	MLP	['SpeechRate_P', 'IPU_P', 'IPU_I', 'disc_IPU_P', 'Pupil_area_P', 'Feedbacks_P', 'disc_IPU_I', 'TypeTokenRatio_I', 'Subjectivity_P', 'ReactionTime_P', 'LexicalRichness_P']	['Feedbacks_P_t7', 'LexicalRichness_P_t4', 'SpeechRate_P_t6', 'SpeechRate_P_t5', 'SpeechRate_P_t4', 'IPU_P_t7', 'IPU_P_t6', 'IPU_P_t5', 'ReactionTime_P_t4', 'Subjectivity_P_t6', 'Pupil_area_P_t5', 'IPU_P_t4', 'IPU_I_t7', 'disc_IPU_I_t7', 'IPU_I_t6', 'IPU_I_t4', 'IPU_I_t5', 'disc_IPU_I_t5', 'TypeTokenRatio_I_t5', 'disc_IPU_P_t7', 'disc_IPU_P_t6', 'disc_IPU_P_t5', 'IPU_I_t3', 'TypeTokenRatio_I_t3']	[0.19202001806080896, 0.16773173890081416, 0.1456394084539204, 0.10831761702904401, 0.081043530767462, 0.07308423858941214, 0.07029547589120672, 0.0636088746972587, 0.0519315770654709, 0.03457644239591047, 0.011751078148691554]	0.56	0.57
Cerebellar.Anterior	k_medoids	LREG	['SpeechRate_P', 'Subjectivity_P', 'ReactionTime_P', 'IPU_P', 'TypeTokenRatio_P', 'Feedbacks_P', 'disc_IPU_P', 'LexicalRichness_P', 'UnionSocioItems_P']	['ReactionTime_P_t7', 'ReactionTime_P_t4', 'UnionSocioItems_P_t7', 'TypeTokenRatio_P_t6', 'TypeTokenRatio_P_t4', 'Subjectivity_P_t6', 'Subjectivity_P_t4', 'IPU_P_t6', 'IPU_P_t5', 'IPU_P_t7', 'IPU_P_t4', 'disc_IPU_P_t7', 'disc_IPU_P_t6', 'disc_IPU_P_t5', 'Feedbacks_P_t7', 'LexicalRichness_P_t4', 'SpeechRate_P_t6', 'SpeechRate_P_t5', 'SpeechRate_P_t4']	[0.354821912119739, 0.1630358661461177, 0.1094569645596256, 0.10298344501178003, 0.07524143100503243, 0.07432333905003505, 0.04916734756028861, 0.03804997159869973, 0.03291972294868183]	0.56	0.56
Cerebellar.Anterior	k_medoids	RF	['AUs_mouth_I', 'AU_eyes_I', 'IPU_P', 'SpeechRate_P', 'IPU_I', 'ReactionTime_P', 'disc_IPU_P', 'Subjectivity_P', 'LexicalRichness_P', 'Smiles_I', 'TypeTokenRatio_P', 'Overlap_I', 'TypeTokenRatio_I', 'disc_IPU_I', 'UnionSocioItems_P', 'Feedbacks_P']	['AU_eyes_I_t3', 'IPU_I_t5', 'disc_IPU_I_t5', 'TypeTokenRatio_I_t5', 'IPU_P_t7', 'IPU_P_t6', 'IPU_P_t5', 'AUs_mouth_I_t7', 'AUs_mouth_I_t6', 'AUs_mouth_I_t5', 'IPU_I_t7', 'disc_IPU_I_t7', 'IPU_I_t6', 'IPU_I_t4', 'IPU_I_t3', 'TypeTokenRatio_I_t3', 'Overlap_I_t7', 'Feedbacks_P_t7', 'LexicalRichness_P_t4', 'SpeechRate_P_t6', 'SpeechRate_P_t5', 'SpeechRate_P_t4', 'ReactionTime_P_t7', 'TypeTokenRatio_P_t6', 'Subjectivity_P_t4', 'ReactionTime_P_t6', 'TypeTokenRatio_P_t4', 'ReactionTime_P_t5', 'Smiles_I_t3', 'ReactionTime_P_t4', 'Subjectivity_P_t6', 'ReactionTime_P_t3', 'UnionSocioItems_P_t7', 'Smiles_I_t6', 'disc_IPU_P_t7', 'disc_IPU_P_t6', 'AU_eyes_I_t7', 'disc_IPU_P_t5']	[0.27741701391841256, 0.1751454533139299, 0.1153274781497956, 0.10747528140645517, 0.0813587068633636, 0.07608469491479725, 0.04800985501373033, 0.03837032591144536, 0.025844350395370936, 0.015538247897188391, 0.014088422986642792, 0.01191017947387788, 0.007455799199852484, 0.0034239265312951566, 0.0013779456608168776, 0.001172318363025735]	0.57	0.57
Salience.AInsula_L	k_medoids	MLP	['IPU_I', 'disc_IPU_I', 'AU_eyes_I', 'Subjectivity_P', 'AU_all_I', 'ReactionTime_P', 'UnionSocioItems_P', 'disc_IPU_P', 'Blinks_P', 'Overlap_I', 'TypeTokenRatio_P', 'IPU_P', 'AUs_mouth_I', 'SpeechRate_P', 'Feedbacks_P']	['Feedbacks_P_t7', 'Feedbacks_P_t6', 'Feedbacks_P_t5', 'SpeechRate_P_t7', 'Overlap_I_t4', 'IPU_P_t7', 'ReactionTime_P_t7', 'AU_eyes_I_t7', 'AU_eyes_I_t6', 'AU_eyes_I_t4', 'AU_eyes_I_t3', 'ReactionTime_P_t4', 'UnionSocioItems_P_t3', 'Subjectivity_P_t6', 'Blinks_P_t3', 'IPU_P_t4', 'TypeTokenRatio_P_t4', 'AU_eyes_I_t5', 'IPU_I_t7', 'disc_IPU_I_t7', 'IPU_I_t6', 'disc_IPU_I_t6', 'IPU_I_t4', 'IPU_I_t5', 'disc_IPU_P_t7', 'AUs_mouth_I_t7', 'AU_all_I_t7', 'AU_all_I_t5', 'IPU_I_t3']	[0.19515765779203145, 0.14620029797423179, 0.11540135861986278, 0.11063770018016077, 0.07022988725545733, 0.06977246547525875, 0.06253906768835048, 0.052434299136401144, 0.0480754304022783, 0.046466571273417585, 0.029941018695242638, 0.023390055732257643, 0.015243731153630646, 0.009011325742787844, 0.005499132878630852]	0.52	0.52
Salience.AInsula_L	k_medoids	LREG	['ReactionTime_P', 'AU_eyes_I', 'Overlap_I', 'IPU_I', 'IPU_P', 'Subjectivity_P', 'AU_all_I', 'SpeechRate_P', 'disc_IPU_I', 'TypeTokenRatio_P', 'Feedbacks_P', 'disc_IPU_P', 'AUs_mouth_I', 'Blinks_P', 'UnionSocioItems_P']	['IPU_P_t5', 'ReactionTime_P_t7', 'AU_eyes_I_t7', 'IPU_P_t7', 'AU_eyes_I_t4', 'AU_eyes_I_t3', 'ReactionTime_P_t4', 'UnionSocioItems_P_t3', 'Subjectivity_P_t6', 'Blinks_P_t3', 'IPU_P_t3', 'ReactionTime_P_t5', 'UnionSocioItems_P_t4', 'TypeTokenRatio_P_t3', 'AU_eyes_I_t5', 'IPU_I_t7', 'disc_IPU_I_t7', 'IPU_I_t6', 'disc_IPU_I_t6', 'IPU_I_t4', 'IPU_I_t5', 'IPU_P_t4', 'ReactionTime_P_t6', 'AU_eyes_I_t6', 'IPU_I_t3', 'disc_IPU_P_t7', 'AUs_mouth_I_t7', 'AU_all_I_t7', 'AU_all_I_t5', 'Feedbacks_P_t7', 'Feedbacks_P_t6', 'Feedbacks_P_t5', 'SpeechRate_P_t7', 'Overlap_I_t4']	[0.24702239132861326, 0.22269531641378149, 0.11297932104405113, 0.10239756167220457, 0.058679492340074406, 0.04236293427157998, 0.039095358915416975, 0.03793764907982815, 0.023067039928377834, 0.02164025351553765, 0.020981080984244317, 0.020895306861813154, 0.01786548470299129, 0.01648358815586031, 0.015897220785625235]	0.52	0.53
Salience.AInsula_L	k_medoids	RF	['AU_eyes_I', 'AUs_mouth_I', 'IPU_P', 'AU_all_I', 'IPU_I', 'ReactionTime_I', 'ReactionTime_P', 'disc_IPU_P']	['IPU_P_t7', 'disc_IPU_P_t7', 'IPU_I_t3', 'AUs_mouth_I_t5', 'AU_eyes_I_t7', 'AU_eyes_I_t5', 'AU_eyes_I_t4', 'AU_eyes_I_t3', 'IPU_P_t5', 'IPU_P_t4', 'disc_IPU_P_t4', 'ReactionTime_P_t6', 'ReactionTime_I_t4', 'AUs_mouth_I_t7', 'AU_eyes_I_t6', 'AU_all_I_t7']	[0.4707908791074728, 0.18573809366492294, 0.14907132941234602, 0.09132984786994455, 0.042971003414489714, 0.02161930896385016, 0.02100396493897893, 0.017475572627994828]	0.52	0.52
SensoriMotor.Lateral_L	model_rank	MLP	['Pupil_area_P', 'AU_eyes_I', 'IPU_P']	['IPU_P_t4', 'IPU_P_t3', 'AU_eyes_I_t6', 'AU_eyes_I_t3', 'Pupil_area_P_t7', 'Pupil_area_P_t5']	[0.45884525879588856, 0.32356760367080417, 0.21758713753330727]	0.64	0.64
SensoriMotor.Lateral_L	k_medoids	LREG	['IPU_P', 'SpeechRate_P', 'IPU_I', 'Feedbacks_P', 'ReactionTime_P', 'disc_IPU_P', 'disc_IPU_I', 'UnionSocioItems_P', 'TypeTokenRatio_I', 'LexicalRichness_P']	['IPU_P_t7', 'IPU_P_t5', 'disc_IPU_P_t7', 'disc_IPU_P_t5', 'disc_IPU_P_t4', 'disc_IPU_P_t3', 'ReactionTime_P_t4', 'UnionSocioItems_P_t3', 'disc_IPU_I_t4', 'IPU_P_t4', 'IPU_P_t3', 'Feedbacks_P_t7', 'Feedbacks_P_t5', 'Feedbacks_P_t4', 'Feedbacks_P_t3', 'LexicalRichness_P_t4', 'LexicalRichness_P_t3', 'SpeechRate_P_t4', 'SpeechRate_P_t3', 'IPU_I_t7', 'disc_IPU_I_t7', 'TypeTokenRatio_I_t7', 'IPU_I_t6', 'IPU_I_t5']	[0.29732134734798793, 0.19436136264264267, 0.12585891737773933, 0.12242361691398383, 0.0729030136062421, 0.06468897399263174, 0.044572861853186076, 0.037614224972375106, 0.030390503862288823, 0.009865177430922592]	0.64	0.64
SensoriMotor.Lateral_L	model_rank	RF	['IPU_P', 'AU_eyes_I', 'AUs_mouth_I', 'Pupil_area_P', 'Gaze_movement_quantity_P']	['IPU_P_t4', 'IPU_P_t3', 'AUs_mouth_I_t7', 'AUs_mouth_I_t5', 'AU_eyes_I_t7', 'AU_eyes_I_t6', 'AU_eyes_I_t5', 'AU_eyes_I_t4', 'AU_eyes_I_t3', 'Gaze_movement_quantity_P_t5', 'Pupil_area_P_t7', 'Pupil_area_P_t5']	[0.5422260139072806, 0.23825501117509867, 0.11152708925905236, 0.0752500975920917, 0.03274178806647667]	0.65	0.65
SensoriMotor.Lateral_R	mi_rank	MLP	['AUs_mouth_I', 'AU_all_I', 'LexicalRichness_P', 'disc_IPU_P', 'IPU_P', 'TypeTokenRatio_P', 'Subjectivity_P', 'Happy_I', 'SpeechRate_P', 'IPU_I', 'ReactionTime_I']	['Happy_I_t4', 'ReactionTime_I_t6', 'IPU_I_t3', 'disc_IPU_P_t5', 'AUs_mouth_I_t5', 'AUs_mouth_I_t3', 'AU_all_I_t3', 'AUs_mouth_I_t4', 'AU_all_I_t5', 'AU_all_I_t6', 'SpeechRate_P_t4', 'AUs_mouth_I_t6', 'Subjectivity_P_t3', 'LexicalRichness_P_t4', 'AU_all_I_t7', 'AU_all_I_t4', 'AUs_mouth_I_t7', 'LexicalRichness_P_t3', 'TypeTokenRatio_P_t4', 'IPU_P_t5', 'SpeechRate_P_t3', 'TypeTokenRatio_P_t3', 'disc_IPU_P_t4', 'IPU_P_t4', 'disc_IPU_P_t3', 'IPU_P_t3']	[0.19210509003057583, 0.18640371926342303, 0.16138124481556643, 0.1546533716552243, 0.11964610962511682, 0.05724647228980997, 0.04472940809053559, 0.033330775013469933, 0.03072833911765398, 0.014444295663357016, 0.005331174435267102]	0.59	0.6
SensoriMotor.Lateral_R	k_medoids	LREG	['IPU_P', 'IPU_I', 'AU_eyes_I', 'disc_IPU_P', 'Feedbacks_P', 'TypeTokenRatio_I', 'disc_IPU_I', 'SpeechRate_P']	['Feedbacks_P_t7', 'Feedbacks_P_t5', 'Feedbacks_P_t4', 'SpeechRate_P_t4', 'SpeechRate_P_t3', 'AU_eyes_I_t3', 'IPU_P_t7', 'IPU_P_t5', 'IPU_P_t4', 'IPU_P_t3', 'AU_eyes_I_t5', 'IPU_I_t7', 'disc_IPU_I_t7', 'TypeTokenRatio_I_t7', 'IPU_I_t6', 'disc_IPU_I_t6', 'TypeTokenRatio_I_t6', 'IPU_I_t4', 'IPU_I_t5', 'AU_eyes_I_t7', 'IPU_I_t3', 'disc_IPU_P_t7', 'disc_IPU_P_t5', 'disc_IPU_P_t4', 'disc_IPU_P_t3']	[0.36566755949389995, 0.2219160677676652, 0.13951898686844327, 0.10510621922621587, 0.06735340995018155, 0.04980997908415513, 0.025883308322242393, 0.024744469287196577]	0.58	0.59
SensoriMotor.Lateral_R	mi_rank	RF	['IPU_P', 'disc_IPU_P']	['IPU_P_t4', 'disc_IPU_P_t3', 'IPU_P_t3']	[0.7886719633929882, 0.21132803660701177]	0.59	0.6
DefaultMode.LP_R	k_medoids	MLP	['ReactionTime_P', 'Saccades_P', 'IPU_I', 'AU_eyes_I', 'disc_IPU_P', 'Feedbacks_P', 'IPU_P', 'Overlap_I', 'AU_all_I', 'Subjectivity_I', 'TypeTokenRatio_I', 'Blinks_P', 'TypeTokenRatio_P', 'AUs_mouth_I', 'Polarity_P', 'Subjectivity_P', 'disc_IPU_I', 'Neutral_I', 'LexicalRichness_P', 'UnionSocioItems_P']	['AU_eyes_I_t5', 'IPU_I_t5', 'TypeTokenRatio_I_t5', 'IPU_P_t7', 'IPU_P_t6', 'IPU_P_t5', 'IPU_P_t4', 'IPU_P_t3', 'disc_IPU_P_t3', 'AUs_mouth_I_t7', 'AUs_mouth_I_t6', 'AUs_mouth_I_t5', 'AU_all_I_t7', 'AU_all_I_t6', 'AU_all_I_t5', 'IPU_I_t7', 'IPU_I_t6', 'IPU_I_t4', 'disc_IPU_I_t4', 'IPU_I_t3', 'disc_IPU_I_t3', 'Overlap_I_t7', 'Feedbacks_P_t7', 'Feedbacks_P_t6', 'Feedbacks_P_t3', 'LexicalRichness_P_t6', 'Overlap_I_t4', 'Overlap_I_t3', 'ReactionTime_P_t7', 'TypeTokenRatio_P_t5', 'Saccades_P_t6', 'ReactionTime_P_t6', 'TypeTokenRatio_P_t4', 'Saccades_P_t5', 'Blinks_P_t5', 'ReactionTime_P_t5', 'TypeTokenRatio_P_t3', 'Saccades_P_t4', 'Blinks_P_t4', 'ReactionTime_P_t4', 'Subjectivity_P_t6', 'Subjectivity_I_t5', 'Saccades_P_t3', 'Blinks_P_t3', 'ReactionTime_P_t3', 'UnionSocioItems_P_t7', 'Saccades_P_t7', 'disc_IPU_P_t7', 'disc_IPU_P_t6', 'Polarity_P_t5', 'Neutral_I_t7', 'Neutral_I_t4', 'AU_eyes_I_t7', 'AU_eyes_I_t6', 'disc_IPU_P_t5', 'disc_IPU_P_t4', 'Polarity_P_t3']	[0.16157537014371573, 0.10515391147204031, 0.1034831622634556, 0.08439621201775516, 0.07079964915774647, 0.06468784275855954, 0.058610832491021655, 0.05853691560325897, 0.0437681309779616, 0.038330095442793276, 0.035190886562158276, 0.029218440754322256, 0.02791836557748028, 0.026562280185081617, 0.02321125029523049, 0.02109162100895738, 0.017090678020330374, 0.01708907525626266, 0.010016205551055365, 0.0032690744608129723]	0.55	0.55
DefaultMode.LP_R	k_medoids	LREG	['ReactionTime_I', 'ReactionTime_P', 'IPU_P', 'disc_IPU_I', 'IPU_I', 'Overlap_I', 'disc_IPU_P', 'UnionSocioItems_P']	['IPU_P_t7', 'IPU_P_t6', 'ReactionTime_P_t3', 'UnionSocioItems_P_t7', 'IPU_I_t4', 'IPU_I_t3', 'disc_IPU_I_t4', 'disc_IPU_I_t3', 'Overlap_I_t3', 'ReactionTime_I_t7', 'IPU_P_t5', 'IPU_P_t4', 'IPU_P_t3', 'disc_IPU_P_t3']	[0.511927967729931, 0.11387393365001697, 0.10441297996230689, 0.07044073639513326, 0.06775634060242242, 0.05961051812247476, 0.040629584834387444, 0.03134793870332712]	0.55	0.56
DefaultMode.LP_R	k_medoids	RF	['Saccades_P', 'AU_eyes_I', 'AUs_mouth_I', 'IPU_P', 'AU_all_I', 'IPU_I', 'Neutral_I', 'Pupil_area_P', 'ReactionTime_P', 'Blinks_P', 'disc_IPU_P', 'Polarity_P', 'Smiles_I', 'TypeTokenRatio_P', 'Overlap_I', 'LexicalRichness_P', 'Feedbacks_P', 'ReactionTime_I', 'disc_IPU_I', 'Subjectivity_I', 'Subjectivity_P', 'TypeTokenRatio_I', 'UnionSocioItems_P']	['AU_eyes_I_t5', 'IPU_I_t5', 'TypeTokenRatio_I_t5', 'Smiles_I_t7', 'Smiles_I_t6', 'Smiles_I_t5', 'Smiles_I_t4', 'Smiles_I_t3', 'Pupil_area_P_t7', 'IPU_P_t3', 'disc_IPU_P_t3', 'IPU_I_t7', 'IPU_I_t6', 'IPU_I_t4', 'disc_IPU_I_t4', 'IPU_I_t3', 'disc_IPU_I_t3', 'Overlap_I_t7', 'Feedbacks_P_t7', 'Feedbacks_P_t6', 'Feedbacks_P_t3', 'LexicalRichness_P_t6', 'Overlap_I_t4', 'Overlap_I_t3', 'Saccades_P_t6', 'Blinks_P_t4', 'ReactionTime_P_t6', 'Subjectivity_I_t7', 'Saccades_P_t5', 'ReactionTime_P_t5', 'Saccades_P_t4', 'ReactionTime_P_t4', 'Subjectivity_I_t5', 'Saccades_P_t3', 'ReactionTime_P_t7', 'ReactionTime_P_t3', 'UnionSocioItems_P_t7', 'Saccades_P_t7', 'IPU_P_t7', 'IPU_P_t6', 'Subjectivity_P_t4', 'AU_eyes_I_t7', 'AU_eyes_I_t6', 'IPU_P_t5', 'TypeTokenRatio_P_t5', 'IPU_P_t4', 'disc_IPU_P_t4', 'TypeTokenRatio_P_t4', 'AU_eyes_I_t3', 'ReactionTime_I_t7', 'disc_IPU_P_t7', 'disc_IPU_P_t6', 'disc_IPU_P_t5', 'Polarity_P_t5', 'Polarity_P_t3', 'Neutral_I_t7', 'Neutral_I_t4', 'AUs_mouth_I_t7', 'AUs_mouth_I_t6', 'AUs_mouth_I_t5', 'AU_all_I_t7', 'AU_all_I_t6', 'AU_all_I_t5']	[0.16779901907303632, 0.14824648327756013, 0.10330925539399802, 0.09621283595891283, 0.09608045041690709, 0.07296140278652438, 0.06551751724366256, 0.03946309969880062, 0.037646943670957014, 0.02557397438611945, 0.02009683053123611, 0.01902268253998009, 0.017970845486807788, 0.017308839417062676, 0.012525191228189052, 0.010893554293345622, 0.009237728604234297, 0.008840928337004684, 0.008101012079826431, 0.006922433378306856, 0.006667311329087707, 0.005955938315991494, 0.00364572255244898]	0.54	0.54
Visual.Lateral_L	k_medoids	LREG	['Blinks_P', 'Saccades_P', 'Pupil_area_P', 'SpeechRate_P', 'SpeechRate_I', 'AU_all_I', 'AUs_mouth_I', 'Angry_I', 'Overlap_I', 'IPU_I', 'AU_eyes_I', 'ReactionTime_P', 'Polarity_I', 'LexicalRichness_I', 'IPU_P', 'Sad_I', 'disc_IPU_I', 'Feedbacks_P', 'Feedbacks_I', 'UnionSocioItems_I', 'TypeTokenRatio_I', 'disc_IPU_P', 'Gaze_movement_quantity_P', 'Happy_I', 'Smiles_I', 'Neutral_I', 'UnionSocioItems_P', 'LexicalRichness_P', 'TypeTokenRatio_P']	['AU_eyes_I_t4', 'IPU_I_t5', 'disc_IPU_I_t5', 'ReactionTime_P_t7', 'ReactionTime_P_t4', 'UnionSocioItems_P_t4', 'IPU_P_t3', 'IPU_I_t7', 'disc_IPU_I_t7', 'TypeTokenRatio_I_t7', 'IPU_I_t6', 'disc_IPU_I_t6', 'IPU_I_t4', 'disc_IPU_I_t4', 'TypeTokenRatio_I_t4', 'IPU_I_t3', 'disc_IPU_I_t3', 'TypeTokenRatio_I_t3', 'UnionSocioItems_P_t5', 'AU_eyes_I_t6', 'AU_eyes_I_t5', 'Saccades_P_t6', 'Blinks_P_t6', 'Saccades_P_t5', 'Blinks_P_t5', 'Saccades_P_t4', 'Blinks_P_t4', 'Saccades_P_t3', 'Blinks_P_t3', 'Saccades_P_t7', 'Blinks_P_t7', 'IPU_P_t7', 'AU_eyes_I_t7', 'IPU_P_t5', 'IPU_P_t4', 'AU_eyes_I_t3', 'Feedbacks_P_t6', 'LexicalRichness_P_t6', 'disc_IPU_P_t3', 'Overlap_I_t5', 'LexicalRichness_I_t5', 'SpeechRate_I_t5', 'Angry_I_t5', 'Sad_I_t4', 'Overlap_I_t3', 'LexicalRichness_I_t3', 'SpeechRate_I_t3', 'Sad_I_t3', 'Pupil_area_P_t7', 'Smiles_I_t7', 'Smiles_I_t6', 'Feedbacks_P_t3', 'LexicalRichness_P_t3', 'TypeTokenRatio_P_t3', 'SpeechRate_P_t3', 'Feedbacks_P_t4', 'TypeTokenRatio_P_t4', 'SpeechRate_P_t4', 'disc_IPU_P_t4', 'disc_IPU_P_t5', 'Polarity_I_t6', 'disc_IPU_P_t7', 'Polarity_I_t7', 'Happy_I_t7', 'Neutral_I_t4', 'Neutral_I_t3', 'Overlap_I_t4', 'Gaze_movement_quantity_P_t7', 'AUs_mouth_I_t7', 'AUs_mouth_I_t6', 'AUs_mouth_I_t5', 'AUs_mouth_I_t3', 'AU_all_I_t7', 'AU_all_I_t6', 'AU_all_I_t5', 'AU_all_I_t4', 'AU_all_I_t3', 'Overlap_I_t7', 'SpeechRate_I_t7', 'Feedbacks_P_t5', 'Feedbacks_P_t7', 'LexicalRichness_P_t7', 'SpeechRate_P_t7', 'LexicalRichness_I_t7', 'Angry_I_t7', 'Angry_I_t3', 'Sad_I_t7', 'Pupil_area_P_t6', 'Feedbacks_I_t4', 'Pupil_area_P_t4', 'Feedbacks_I_t5', 'Overlap_I_t6', 'UnionSocioItems_I_t6', 'SpeechRate_I_t6']	[0.16155459535228872, 0.11398992792810006, 0.08837301979699769, 0.060566967894344244, 0.05556690607844383, 0.0494469124599404, 0.04895141843792707, 0.04590225014680449, 0.043388359019381886, 0.04301666885863886, 0.04245256166575616, 0.041113086495144655, 0.03145902095558284, 0.030148737347958546, 0.02774258155577737, 0.021787717792732156, 0.020864634051378995, 0.01397450132908825, 0.010453874369714757, 0.0080177569738611, 0.007177878751922648, 0.007105573983420422, 0.006289882382254952, 0.00543024072545326, 0.00473184346152266, 0.004060732253113772, 0.002742170137316345, 0.0022932634975686146, 0.0013969162975652589]	0.55	0.55
Visual.Lateral_L	mi_rank	RF	['AU_eyes_I', 'AU_all_I', 'Saccades_P', 'Blinks_P', 'IPU_P', 'Pupil_area_P', 'Gaze_movement_quantity_P', 'SpeechRate_P', 'TypeTokenRatio_P']	['Gaze_movement_quantity_P_t3', 'SpeechRate_P_t4', 'Pupil_area_P_t5', 'Saccades_P_t5', 'TypeTokenRatio_P_t4', 'IPU_P_t4', 'AU_eyes_I_t3', 'AU_all_I_t7', 'Saccades_P_t4', 'AU_all_I_t3', 'Saccades_P_t3', 'AU_eyes_I_t4', 'AU_all_I_t6', 'AU_eyes_I_t6', 'Blinks_P_t5', 'AU_all_I_t4', 'AU_all_I_t5', 'AU_eyes_I_t7', 'AU_eyes_I_t5', 'Blinks_P_t4', 'Blinks_P_t3']	[0.24119540767447276, 0.19320661281438298, 0.16082962399011497, 0.15430202596003045, 0.0929999879499544, 0.0729919062007481, 0.04313443521477927, 0.04134000019551692, 0.0]	0.55	0.54
DefaultMode.PCC	k_medoids	MLP	['AU_eyes_I', 'disc_IPU_I', 'IPU_P', 'IPU_I', 'UnionSocioItems_P', 'Pupil_area_P', 'ReactionTime_P', 'Polarity_P', 'disc_IPU_P', 'TypeTokenRatio_I', 'Polarity_I', 'AUs_mouth_I', 'Feedbacks_P', 'Subjectivity_I']	['Feedbacks_P_t7', 'Feedbacks_P_t3', 'IPU_P_t7', 'ReactionTime_P_t7', 'Subjectivity_I_t4', 'AU_eyes_I_t7', 'AU_eyes_I_t6', 'AU_eyes_I_t4', 'AU_eyes_I_t3', 'Pupil_area_P_t4', 'Pupil_area_P_t3', 'ReactionTime_P_t4', 'UnionSocioItems_P_t3', 'Pupil_area_P_t5', 'IPU_P_t4', 'ReactionTime_P_t5', 'AU_eyes_I_t5', 'Pupil_area_P_t7', 'Pupil_area_P_t6', 'IPU_I_t7', 'disc_IPU_I_t7', 'IPU_I_t6', 'disc_IPU_I_t6', 'TypeTokenRatio_I_t6', 'IPU_I_t4', 'IPU_I_t5', 'disc_IPU_P_t7', 'disc_IPU_P_t6', 'disc_IPU_P_t3', 'Polarity_P_t7', 'Polarity_P_t5', 'Polarity_I_t6', 'AUs_mouth_I_t7', 'AUs_mouth_I_t5', 'AUs_mouth_I_t4', 'IPU_I_t3', 'disc_IPU_I_t3']	[0.14482759653882196, 0.11297213719810989, 0.10488769043557947, 0.09331581358789288, 0.08379768183738538, 0.08327408882076975, 0.07652536235550894, 0.07602426305024648, 0.05573771223277492, 0.053151751565032386, 0.042766385702584106, 0.03327953304134351, 0.02612664223005365, 0.013313341403896688]	0.52	0.52
DefaultMode.PCC	model_rank	LREG	['Saccades_P', 'Blinks_P', 'SpeechRate_P', 'AUs_mouth_I', 'AU_eyes_I', 'Gaze_movement_quantity_P', 'Pupil_area_P', 'AU_all_I', 'IPU_I', 'Neutral_I', 'Happy_I', 'IPU_P']	['IPU_P_t7', 'IPU_P_t6', 'IPU_P_t5', 'IPU_P_t4', 'IPU_P_t3', 'SpeechRate_P_t7', 'SpeechRate_P_t6', 'SpeechRate_P_t5', 'SpeechRate_P_t4', 'SpeechRate_P_t3', 'IPU_I_t7', 'IPU_I_t5', 'IPU_I_t4', 'IPU_I_t3', 'AUs_mouth_I_t7', 'AUs_mouth_I_t6', 'AUs_mouth_I_t5', 'AUs_mouth_I_t4', 'AUs_mouth_I_t3', 'AU_eyes_I_t7', 'AU_eyes_I_t6', 'AU_eyes_I_t5', 'AU_eyes_I_t4', 'AU_eyes_I_t3', 'AU_all_I_t7', 'AU_all_I_t6', 'AU_all_I_t5', 'AU_all_I_t4', 'AU_all_I_t3', 'Happy_I_t7', 'Happy_I_t6', 'Happy_I_t5', 'Happy_I_t4', 'Happy_I_t3', 'Neutral_I_t7', 'Neutral_I_t6', 'Neutral_I_t5', 'Neutral_I_t4', 'Neutral_I_t3', 'Gaze_movement_quantity_P_t7', 'Gaze_movement_quantity_P_t6', 'Gaze_movement_quantity_P_t5', 'Gaze_movement_quantity_P_t4', 'Gaze_movement_quantity_P_t3', 'Saccades_P_t7', 'Saccades_P_t6', 'Saccades_P_t5', 'Saccades_P_t4', 'Saccades_P_t3', 'Blinks_P_t7', 'Blinks_P_t6', 'Blinks_P_t5', 'Blinks_P_t4', 'Blinks_P_t3', 'Pupil_area_P_t7', 'Pupil_area_P_t6', 'Pupil_area_P_t5', 'Pupil_area_P_t4', 'Pupil_area_P_t3']	[0.1886904958320787, 0.15100551038603655, 0.09969052307202964, 0.09614250346602296, 0.08503603673177658, 0.08066240108688538, 0.07948991113544399, 0.06756343571589402, 0.05683771192660087, 0.04575702351247298, 0.03082157671158676, 0.018302870423171257]	0.51	0.51
DefaultMode.PCC	mi_rank	RF	['AU_eyes_I', 'Pupil_area_P', 'AUs_mouth_I', 'Neutral_I', 'AU_all_I', 'Happy_I', 'Saccades_P', 'IPU_I', 'Polarity_I']	['Saccades_P_t4', 'Polarity_I_t5', 'IPU_I_t3', 'IPU_I_t4', 'Happy_I_t7', 'Happy_I_t6', 'Happy_I_t3', 'Pupil_area_P_t4', 'Happy_I_t5', 'Happy_I_t4', 'Pupil_area_P_t5', 'Pupil_area_P_t7', 'Pupil_area_P_t3', 'Pupil_area_P_t6', 'Neutral_I_t5', 'Neutral_I_t7', 'Neutral_I_t4', 'Neutral_I_t6', 'AU_all_I_t5', 'AU_all_I_t6', 'Neutral_I_t3', 'AU_all_I_t7', 'AU_eyes_I_t5', 'AU_all_I_t4', 'AU_all_I_t3', 'AU_eyes_I_t6', 'AU_eyes_I_t4', 'AU_eyes_I_t3', 'AU_eyes_I_t7', 'AUs_mouth_I_t7', 'AUs_mouth_I_t3', 'AUs_mouth_I_t5', 'AUs_mouth_I_t6', 'AUs_mouth_I_t4']	[0.1745385293588321, 0.17062184715282502, 0.1579819146852011, 0.14825864258267293, 0.1426092142392022, 0.13582675804558836, 0.035281501271688054, 0.02843252075707512, 0.006449071906915258]	0.52	0.52
DorsalAttention.IPS_R	k_medoids	LREG	['AU_eyes_I', 'Polarity_P', 'AU_all_I', 'IPU_I', 'Saccades_P', 'IPU_P', 'disc_IPU_I', 'Subjectivity_P', 'SpeechRate_P', 'disc_IPU_P', 'AUs_mouth_I', 'Feedbacks_P', 'TypeTokenRatio_I']	['Feedbacks_P_t7', 'Feedbacks_P_t3', 'SpeechRate_P_t3', 'AU_eyes_I_t3', 'IPU_P_t7', 'IPU_P_t6', 'IPU_P_t5', 'IPU_P_t3', 'Subjectivity_P_t3', 'Saccades_P_t5', 'Saccades_P_t4', 'AU_eyes_I_t5', 'AU_eyes_I_t4', 'IPU_I_t7', 'disc_IPU_I_t7', 'IPU_I_t6', 'disc_IPU_I_t6', 'IPU_I_t4', 'IPU_I_t5', 'AU_eyes_I_t7', 'AU_eyes_I_t6', 'IPU_I_t3', 'disc_IPU_I_t3', 'TypeTokenRatio_I_t3', 'disc_IPU_P_t7', 'disc_IPU_P_t6', 'disc_IPU_P_t3', 'Polarity_P_t7', 'Polarity_P_t6', 'AUs_mouth_I_t7', 'AU_all_I_t7', 'AU_all_I_t5', 'AU_all_I_t4']	[0.28837063185233136, 0.2141822124417899, 0.12122887296591649, 0.06596884816427144, 0.04952019048384511, 0.048169838194419896, 0.04669519863775777, 0.04483515117039596, 0.04379610774981012, 0.03717163103179591, 0.020060859276399282, 0.011435241124689027, 0.008565216906577735]	0.59	0.59
FrontoParietal.LPFC_L	k_medoids	MLP	['IPU_P', 'disc_IPU_P', 'IPU_I', 'Overlap_I', 'Pupil_area_P', 'SpeechRate_I', 'AU_eyes_I', 'ReactionTime_P', 'disc_IPU_I', 'Feedbacks_P']	['IPU_P_t5', 'IPU_P_t7', 'IPU_P_t6', 'ReactionTime_P_t3', 'Pupil_area_P_t4', 'Pupil_area_P_t3', 'ReactionTime_P_t4', 'Pupil_area_P_t5', 'IPU_P_t3', 'IPU_I_t7', 'IPU_I_t6', 'IPU_I_t4', 'disc_IPU_I_t4', 'IPU_I_t5', 'IPU_P_t4', 'IPU_I_t3', 'disc_IPU_I_t3', 'disc_IPU_P_t7', 'disc_IPU_P_t5', 'disc_IPU_P_t4', 'disc_IPU_P_t3', 'Feedbacks_P_t7', 'Overlap_I_t4', 'SpeechRate_I_t4', 'SpeechRate_I_t3', 'AU_eyes_I_t7', 'AU_eyes_I_t6', 'Overlap_I_t7', 'SpeechRate_I_t7']	[0.2648630073752451, 0.22822464295849254, 0.2069111810149744, 0.099967760456136, 0.07102706710381856, 0.05857435921813711, 0.02975494105243807, 0.024035205532231353, 0.015277577771227291, 0.0013642575172995357]	0.55	0.55
FrontoParietal.LPFC_L	k_medoids	LREG	['ReactionTime_P', 'IPU_P', 'Overlap_I', 'AU_all_I', 'SpeechRate_I', 'IPU_I', 'Feedbacks_P', 'disc_IPU_P', 'disc_IPU_I']	['ReactionTime_P_t7', 'ReactionTime_P_t6', 'ReactionTime_P_t5', 'ReactionTime_P_t3', 'IPU_I_t7', 'IPU_I_t3', 'disc_IPU_I_t3', 'IPU_P_t6', 'IPU_P_t5', 'AU_all_I_t7', 'IPU_P_t7', 'IPU_P_t4', 'IPU_P_t3', 'disc_IPU_P_t7', 'disc_IPU_P_t5', 'disc_IPU_P_t4', 'Feedbacks_P_t7', 'Overlap_I_t4', 'SpeechRate_I_t4', 'SpeechRate_I_t3']	[0.3087308197913835, 0.16047849407279624, 0.15641625017547212, 0.09473719636309573, 0.07977613411191206, 0.06354488632449855, 0.057520164581083146, 0.052471369548805186, 0.026324685030953414]	0.55	0.55
FrontoParietal.LPFC_L	k_medoids	RF	['IPU_P', 'IPU_I', 'Pupil_area_P', 'SpeechRate_I', 'disc_IPU_P', 'ReactionTime_P', 'Overlap_I', 'disc_IPU_I', 'Feedbacks_P']	['IPU_P_t7', 'IPU_P_t6', 'IPU_P_t5', 'IPU_I_t3', 'disc_IPU_I_t3', 'disc_IPU_P_t7', 'disc_IPU_P_t5', 'disc_IPU_P_t4', 'disc_IPU_P_t3', 'ReactionTime_P_t4', 'Pupil_area_P_t5', 'IPU_P_t4', 'IPU_P_t3', 'Feedbacks_P_t7', 'Overlap_I_t4', 'SpeechRate_I_t4', 'SpeechRate_I_t3', 'IPU_I_t7', 'IPU_I_t6', 'IPU_I_t5', 'IPU_I_t4', 'disc_IPU_I_t4']	[0.3480134923427311, 0.3047824000430034, 0.14701167106697174, 0.0751318657196309, 0.03705024581981613, 0.03582111794383881, 0.022484086390059374, 0.018187693306556573, 0.01151742736739209]	0.55	0.55
FrontoParietal.PPC_R	mi_rank	MLP	['Sad_I', 'AU_eyes_I', 'Neutral_I', 'Pupil_area_P', 'AU_all_I', 'AUs_mouth_I', 'disc_IPU_P', 'SpeechRate_P', 'TypeTokenRatio_P', 'IPU_P', 'Happy_I']	['IPU_P_t5', 'Happy_I_t5', 'Neutral_I_t7', 'SpeechRate_P_t3', 'Pupil_area_P_t4', 'TypeTokenRatio_P_t3', 'Pupil_area_P_t7', 'disc_IPU_P_t3', 'Neutral_I_t4', 'Neutral_I_t6', 'Sad_I_t7', 'disc_IPU_P_t4', 'Sad_I_t3', 'Sad_I_t4', 'Neutral_I_t5', 'Neutral_I_t3', 'IPU_P_t4', 'Pupil_area_P_t3', 'Pupil_area_P_t5', 'Pupil_area_P_t6', 'IPU_P_t3', 'Sad_I_t6', 'AU_eyes_I_t6', 'AU_eyes_I_t3', 'Sad_I_t5', 'AU_eyes_I_t5', 'AU_eyes_I_t4', 'AU_eyes_I_t7', 'AU_all_I_t4', 'AUs_mouth_I_t4', 'AU_all_I_t7', 'AUs_mouth_I_t5', 'AU_all_I_t5', 'AU_all_I_t3', 'AUs_mouth_I_t7', 'AU_all_I_t6', 'AUs_mouth_I_t6', 'AUs_mouth_I_t3']	[0.22379007780292517, 0.19354774089067672, 0.16905244286941268, 0.10050801084767778, 0.09747806146959215, 0.078650431907223, 0.04196053622051482, 0.033895822754996946, 0.032123388617969935, 0.01938460719411336, 0.009608879424897418]	0.51	0.52
FrontoParietal.PPC_R	model_rank	LREG	['Gaze_movement_quantity_P', 'AU_eyes_I', 'Pupil_area_P', 'Saccades_P', 'AU_all_I', 'Blinks_P', 'AUs_mouth_I', 'Neutral_I', 'Happy_I', 'IPU_P']	['IPU_P_t3', 'AUs_mouth_I_t7', 'AUs_mouth_I_t6', 'AUs_mouth_I_t5', 'AUs_mouth_I_t4', 'AUs_mouth_I_t3', 'AU_eyes_I_t7', 'AU_eyes_I_t6', 'AU_eyes_I_t5', 'AU_eyes_I_t4', 'AU_eyes_I_t3', 'AU_all_I_t7', 'AU_all_I_t6', 'AU_all_I_t5', 'AU_all_I_t4', 'AU_all_I_t3', 'Happy_I_t7', 'Happy_I_t6', 'Happy_I_t5', 'Happy_I_t4', 'Happy_I_t3', 'Neutral_I_t7', 'Neutral_I_t6', 'Neutral_I_t5', 'Neutral_I_t4', 'Neutral_I_t3', 'Gaze_movement_quantity_P_t7', 'Gaze_movement_quantity_P_t6', 'Gaze_movement_quantity_P_t5', 'Gaze_movement_quantity_P_t4', 'Gaze_movement_quantity_P_t3', 'Saccades_P_t7', 'Saccades_P_t6', 'Saccades_P_t5', 'Saccades_P_t4', 'Saccades_P_t3', 'Blinks_P_t7', 'Blinks_P_t6', 'Blinks_P_t5', 'Blinks_P_t4', 'Blinks_P_t3', 'Pupil_area_P_t7', 'Pupil_area_P_t6', 'Pupil_area_P_t5', 'Pupil_area_P_t4', 'Pupil_area_P_t3']	[0.1969862593003121, 0.17677435361713204, 0.17422167459634202, 0.10821928945749403, 0.09199579224083203, 0.08229724754342618, 0.07887109612852825, 0.039668871706038195, 0.025733870945216748, 0.02523154446467846]	0.52	0.52
FrontoParietal.PPC_R	k_medoids	RF	['AU_eyes_I', 'IPU_P', 'IPU_I', 'Sad_I', 'SpeechRate_P', 'disc_IPU_P', 'disc_IPU_I', 'Feedbacks_P']	['Feedbacks_P_t7', 'Feedbacks_P_t6', 'SpeechRate_P_t3', 'Sad_I_t7', 'Sad_I_t4', 'Sad_I_t3', 'AU_eyes_I_t3', 'IPU_P_t7', 'IPU_P_t6', 'IPU_P_t5', 'IPU_P_t4', 'IPU_P_t3', 'AU_eyes_I_t5', 'AU_eyes_I_t4', 'IPU_I_t7', 'IPU_I_t6', 'disc_IPU_I_t6', 'IPU_I_t4', 'disc_IPU_I_t4', 'IPU_I_t5', 'disc_IPU_I_t5', 'AU_eyes_I_t7', 'AU_eyes_I_t6', 'IPU_I_t3', 'disc_IPU_I_t3', 'disc_IPU_P_t7', 'disc_IPU_P_t6', 'disc_IPU_P_t5', 'disc_IPU_P_t4']	[0.42832554172027365, 0.23509286576785637, 0.18130832012078668, 0.04869860095830221, 0.038391382117520474, 0.02799680105940218, 0.025708773388317042, 0.014477714867541281]	0.53	0.53
Visual.Medial	mi_rank	LREG	['Saccades_P', 'Blinks_P', 'AUs_mouth_I', 'Pupil_area_P', 'AU_all_I', 'IPU_I', 'SpeechRate_I', 'IPU_P', 'Neutral_I', 'disc_IPU_P', 'disc_IPU_I', 'TypeTokenRatio_I']	['AU_all_I_t5', 'Neutral_I_t5', 'Blinks_P_t5', 'Neutral_I_t6', 'AUs_mouth_I_t4', 'AU_all_I_t7', 'IPU_I_t7', 'AU_all_I_t6', 'AUs_mouth_I_t5', 'disc_IPU_P_t3', 'AUs_mouth_I_t7', 'AUs_mouth_I_t6', 'Pupil_area_P_t7', 'Pupil_area_P_t6', 'IPU_P_t3', 'IPU_I_t4', 'Pupil_area_P_t5', 'Pupil_area_P_t3', 'Saccades_P_t5', 'TypeTokenRatio_I_t3', 'Pupil_area_P_t4', 'SpeechRate_I_t3', 'Blinks_P_t4', 'Blinks_P_t3', 'disc_IPU_I_t3', 'IPU_I_t3', 'Saccades_P_t4', 'Saccades_P_t3']	[0.30764463965056976, 0.25598414543762793, 0.1258198338374616, 0.09440723030661333, 0.09257112996434702, 0.050394155006305605, 0.03805099190459897, 0.013050681955988642, 0.008573933828857735, 0.006734571981965101, 0.004599250706264639, 0.002169435419399777]	0.62	0.62
Visual.Medial	mi_rank	RF	['Saccades_P', 'IPU_I', 'Blinks_P', 'disc_IPU_I', 'Pupil_area_P', 'SpeechRate_I', 'TypeTokenRatio_I']	['Saccades_P_t5', 'TypeTokenRatio_I_t3', 'Pupil_area_P_t4', 'SpeechRate_I_t3', 'Blinks_P_t4', 'Blinks_P_t3', 'disc_IPU_I_t3', 'IPU_I_t3', 'Saccades_P_t4', 'Saccades_P_t3']	[0.6280289232000875, 0.12128751124806388, 0.1169087045711473, 0.051612162426555454, 0.04797301683087319, 0.027358047919149756, 0.006831633804122833]	0.61	0.61
Language.IFG_R	k_medoids	LREG	['LexicalRichness_I', 'SpeechRate_P', 'ReactionTime_P', 'IPU_P', 'Pupil_area_P', 'UnionSocioItems_I', 'LexicalRichness_P', 'Feedbacks_P', 'Overlap_I', 'Feedbacks_I', 'SpeechRate_I', 'AU_eyes_I', 'IPU_I', 'Angry_I', 'disc_IPU_P', 'Happy_I', 'UnionSocioItems_P', 'Saccades_P', 'TypeTokenRatio_P', 'Blinks_P', 'Smiles_I', 'Sad_I', 'AUs_mouth_I', 'disc_IPU_I']	['IPU_P_t5', 'Pupil_area_P_t3', 'Pupil_area_P_t4', 'Pupil_area_P_t6', 'Smiles_I_t7', 'Smiles_I_t4', 'Pupil_area_P_t7', 'Overlap_I_t5', 'Angry_I_t4', 'LexicalRichness_I_t6', 'Angry_I_t7', 'Angry_I_t3', 'Sad_I_t7', 'LexicalRichness_I_t3', 'Saccades_P_t6', 'Blinks_P_t6', 'Saccades_P_t5', 'Saccades_P_t4', 'Saccades_P_t3', 'Saccades_P_t7', 'LexicalRichness_I_t4', 'AU_eyes_I_t3', 'AU_eyes_I_t4', 'AU_eyes_I_t6', 'Sad_I_t6', 'UnionSocioItems_P_t5', 'AU_eyes_I_t7', 'IPU_I_t3', 'disc_IPU_I_t3', 'IPU_I_t4', 'IPU_I_t5', 'disc_IPU_I_t5', 'IPU_I_t6', 'IPU_I_t7', 'Feedbacks_I_t3', 'UnionSocioItems_I_t3', 'UnionSocioItems_I_t7', 'SpeechRate_I_t7', 'disc_IPU_P_t4', 'disc_IPU_P_t5', 'disc_IPU_P_t7', 'disc_IPU_P_t6', 'Happy_I_t7', 'disc_IPU_P_t3', 'AUs_mouth_I_t7', 'AUs_mouth_I_t4', 'AUs_mouth_I_t3', 'Overlap_I_t3', 'SpeechRate_I_t3', 'Overlap_I_t4', 'SpeechRate_I_t4', 'Feedbacks_P_t7', 'Feedbacks_P_t6', 'Feedbacks_P_t5', 'LexicalRichness_P_t5', 'TypeTokenRatio_P_t5', 'SpeechRate_P_t5', 'Feedbacks_P_t4', 'LexicalRichness_P_t4', 'TypeTokenRatio_P_t4', 'SpeechRate_P_t4', 'Feedbacks_P_t3', 'LexicalRichness_P_t3', 'TypeTokenRatio_P_t3', 'SpeechRate_P_t3', 'Feedbacks_I_t5', 'UnionSocioItems_I_t5', 'Overlap_I_t6', 'Overlap_I_t7', 'IPU_P_t3', 'IPU_P_t4', 'ReactionTime_P_t7', 'ReactionTime_P_t3', 'UnionSocioItems_P_t7', 'IPU_P_t7', 'IPU_P_t6', 'Feedbacks_I_t4', 'UnionSocioItems_I_t4']	[0.11403073248222101, 0.09855062482866125, 0.08572482084205577, 0.07892303969520423, 0.06964559973446266, 0.05264881339077368, 0.049810246871743305, 0.04959180986887972, 0.042093633367737145, 0.037812073275483506, 0.03750449995077515, 0.03623509105619717, 0.03382856110588534, 0.03242820330092476, 0.029201003466616086, 0.02489177940085098, 0.022344745985239486, 0.021482882989156044, 0.018211591119751583, 0.01688068498906309, 0.014631810693653248, 0.013988295283079984, 0.009881674643278535, 0.009657781658306448]	0.53	0.53
Language.IFG_R	model_rank	RF	['Pupil_area_P', 'AUs_mouth_I', 'AU_eyes_I']	['AUs_mouth_I_t7', 'AUs_mouth_I_t4', 'AU_eyes_I_t7', 'AU_eyes_I_t4', 'Pupil_area_P_t7', 'Pupil_area_P_t6', 'Pupil_area_P_t4', 'Pupil_area_P_t3']	[0.4991700831324786, 0.25065099806006685, 0.2501789188074546]	0.54	0.54
SensoriMotor.Superior	k_medoids	MLP	['IPU_I', 'Saccades_P', 'disc_IPU_I', 'Neutral_I', 'Blinks_P', 'IPU_P', 'Pupil_area_P', 'Feedbacks_P', 'ReactionTime_P', 'AUs_mouth_I', 'SpeechRate_I', 'UnionSocioItems_I', 'AU_eyes_I', 'Overlap_I', 'SpeechRate_P', 'Subjectivity_I', 'disc_IPU_P']	['IPU_P_t5', 'Saccades_P_t6', 'IPU_P_t7', 'Blinks_P_t7', 'Pupil_area_P_t4', 'Pupil_area_P_t3', 'ReactionTime_P_t4', 'Subjectivity_I_t5', 'Saccades_P_t3', 'Blinks_P_t3', 'Pupil_area_P_t5', 'IPU_P_t3', 'Saccades_P_t4', 'Blinks_P_t4', 'Pupil_area_P_t6', 'IPU_I_t7', 'disc_IPU_I_t7', 'IPU_I_t6', 'disc_IPU_I_t6', 'IPU_I_t4', 'disc_IPU_I_t4', 'IPU_I_t5', 'disc_IPU_I_t5', 'IPU_P_t4', 'Saccades_P_t5', 'Pupil_area_P_t7', 'IPU_I_t3', 'disc_IPU_I_t3', 'disc_IPU_P_t7', 'AUs_mouth_I_t7', 'Neutral_I_t7', 'Neutral_I_t5', 'Neutral_I_t4', 'Feedbacks_P_t7', 'Feedbacks_P_t6', 'Feedbacks_P_t5', 'Feedbacks_P_t4', 'SpeechRate_P_t7', 'UnionSocioItems_I_t5', 'AU_eyes_I_t7', 'Overlap_I_t7', 'SpeechRate_I_t7']	[0.13872194438081104, 0.1356997980495567, 0.135210904000265, 0.0976416928688141, 0.0877819760216416, 0.08471235614612327, 0.07813551491949247, 0.07365643485639535, 0.05048039150334298, 0.027028534637890025, 0.020974438542302635, 0.020665919390963898, 0.019571572057042828, 0.015230670510171714, 0.006545361319118952, 0.004703658074428463, 0.003238832721638959]	0.54	0.54
SensoriMotor.Superior	k_medoids	LREG	['Polarity_P', 'Pupil_area_P', 'disc_IPU_I', 'Neutral_I', 'AUs_mouth_I', 'IPU_P', 'IPU_I', 'ReactionTime_P']	['IPU_P_t7', 'IPU_I_t4', 'Neutral_I_t3', 'Pupil_area_P_t4', 'Pupil_area_P_t3', 'IPU_P_t5', 'IPU_P_t4', 'disc_IPU_I_t6', 'AUs_mouth_I_t7', 'Neutral_I_t7', 'Pupil_area_P_t7', 'IPU_P_t3', 'Polarity_P_t3', 'IPU_I_t6', 'disc_IPU_I_t5', 'Neutral_I_t5', 'Pupil_area_P_t6', 'ReactionTime_P_t4', 'Polarity_P_t6', 'IPU_I_t5', 'disc_IPU_I_t4', 'Neutral_I_t4', 'Pupil_area_P_t5']	[0.2557286549719902, 0.21161565317992004, 0.12515263955990005, 0.12513906984155992, 0.09665838214899052, 0.0917602393951, 0.06365069436392991, 0.030294666538609228]	0.56	0.56
SensoriMotor.Superior	model_rank	RF	['Pupil_area_P', 'Gaze_movement_quantity_P']	['Gaze_movement_quantity_P_t3', 'Pupil_area_P_t7', 'Pupil_area_P_t5']	[0.6819547344135903, 0.3180452655864098]	0.53	0.53
DefaultMode.LP_L	model_rank	MLP	['AUs_mouth_I', 'Pupil_area_P', 'Gaze_movement_quantity_P', 'AU_eyes_I', 'Neutral_I', 'AU_all_I', 'Saccades_P']	['AUs_mouth_I_t7', 'AUs_mouth_I_t5', 'AUs_mouth_I_t4', 'AUs_mouth_I_t3', 'AU_eyes_I_t7', 'AU_eyes_I_t6', 'AU_eyes_I_t5', 'AU_eyes_I_t4', 'AU_eyes_I_t3', 'AU_all_I_t6', 'AU_all_I_t4', 'Neutral_I_t6', 'Neutral_I_t5', 'Neutral_I_t4', 'Neutral_I_t3', 'Gaze_movement_quantity_P_t7', 'Gaze_movement_quantity_P_t6', 'Gaze_movement_quantity_P_t5', 'Gaze_movement_quantity_P_t4', 'Gaze_movement_quantity_P_t3', 'Saccades_P_t3', 'Pupil_area_P_t7', 'Pupil_area_P_t6', 'Pupil_area_P_t5', 'Pupil_area_P_t4', 'Pupil_area_P_t3']	[0.2331989024048397, 0.2109287274768163, 0.19538381783596934, 0.1518269181259997, 0.09949895337938014, 0.06768239041847784, 0.04148029035851702]	0.55	0.55
DefaultMode.LP_L	model_rank	LREG	['Pupil_area_P']	['Pupil_area_P_t7', 'Pupil_area_P_t6', 'Pupil_area_P_t5', 'Pupil_area_P_t4', 'Pupil_area_P_t3']	[0.9999999999999999]	0.56	0.56
DefaultMode.LP_L	k_medoids	RF	['AU_eyes_I', 'Pupil_area_P', 'AUs_mouth_I', 'IPU_I', 'IPU_P', 'Saccades_P', 'Blinks_P', 'Overlap_I', 'SpeechRate_P', 'ReactionTime_P', 'SpeechRate_I', 'Sad_I', 'Angry_I', 'LexicalRichness_I', 'disc_IPU_P', 'UnionSocioItems_P', 'LexicalRichness_P', 'Feedbacks_P', 'Smiles_I', 'TypeTokenRatio_P', 'disc_IPU_I']	['AU_eyes_I_t4', 'IPU_I_t5', 'ReactionTime_P_t7', 'ReactionTime_P_t6', 'ReactionTime_P_t5', 'ReactionTime_P_t3', 'UnionSocioItems_P_t7', 'IPU_P_t3', 'IPU_I_t7', 'IPU_I_t6', 'IPU_I_t4', 'disc_IPU_I_t4', 'IPU_I_t3', 'UnionSocioItems_P_t5', 'AU_eyes_I_t6', 'Sad_I_t6', 'Saccades_P_t6', 'Blinks_P_t6', 'Saccades_P_t5', 'Blinks_P_t5', 'Saccades_P_t4', 'Saccades_P_t3', 'Blinks_P_t3', 'Saccades_P_t7', 'IPU_P_t7', 'IPU_P_t6', 'AU_eyes_I_t7', 'IPU_P_t5', 'IPU_P_t4', 'AU_eyes_I_t3', 'Feedbacks_P_t6', 'disc_IPU_P_t3', 'Overlap_I_t6', 'Overlap_I_t3', 'LexicalRichness_I_t3', 'SpeechRate_I_t3', 'Smiles_I_t7', 'Smiles_I_t6', 'Pupil_area_P_t7', 'Pupil_area_P_t6', 'Feedbacks_P_t3', 'LexicalRichness_P_t3', 'Feedbacks_P_t4', 'LexicalRichness_P_t4', 'SpeechRate_P_t4', 'disc_IPU_P_t4', 'disc_IPU_P_t5', 'disc_IPU_P_t7', 'disc_IPU_P_t6', 'Overlap_I_t4', 'AUs_mouth_I_t7', 'AUs_mouth_I_t6', 'Overlap_I_t7', 'Feedbacks_P_t5', 'LexicalRichness_P_t5', 'TypeTokenRatio_P_t5', 'SpeechRate_P_t5', 'Feedbacks_P_t7', 'LexicalRichness_I_t7', 'Angry_I_t7', 'Sad_I_t7']	[0.16072170193947796, 0.14443191291564822, 0.1302131360674235, 0.09951246759817052, 0.0932231401765065, 0.09229722029883995, 0.04734786434357773, 0.035924681748244466, 0.03248062853338046, 0.031687607169829414, 0.02921928002914521, 0.022475809856019997, 0.016322937019640958, 0.015794846265632302, 0.014291832301894005, 0.012059771380993102, 0.009381906699505997, 0.0074727642581286875, 0.005140491397941034, 0.0, 0.0]	0.55	0.55
Salience.SMG_R	mi_rank	MLP	['AUs_mouth_I', 'Happy_I', 'AU_eyes_I', 'AU_all_I', 'Pupil_area_P', 'IPU_I', 'IPU_P', 'Sad_I', 'TypeTokenRatio_I', 'disc_IPU_I', 'disc_IPU_P', 'Neutral_I', 'Angry_I', 'SpeechRate_I', 'LexicalRichness_P']	['AU_eyes_I_t6', 'Angry_I_t7', 'Sad_I_t5', 'AU_eyes_I_t5', 'Neutral_I_t6', 'Pupil_area_P_t7', 'IPU_I_t6', 'Sad_I_t3', 'AU_eyes_I_t4', 'Pupil_area_P_t6', 'AU_eyes_I_t3', 'Sad_I_t4', 'disc_IPU_I_t3', 'LexicalRichness_P_t3', 'IPU_I_t3', 'disc_IPU_P_t3', 'Pupil_area_P_t3', 'TypeTokenRatio_I_t3', 'AU_eyes_I_t7', 'AU_all_I_t3', 'AU_all_I_t7', 'SpeechRate_I_t3', 'Happy_I_t5', 'AUs_mouth_I_t3', 'AU_all_I_t4', 'Pupil_area_P_t5', 'AU_all_I_t6', 'Happy_I_t6', 'AU_all_I_t5', 'Pupil_area_P_t4', 'AUs_mouth_I_t7', 'AUs_mouth_I_t6', 'Happy_I_t4', 'IPU_P_t3', 'AUs_mouth_I_t5', 'Happy_I_t7', 'AUs_mouth_I_t4', 'Happy_I_t3']	[0.16236265684372644, 0.15670345679919373, 0.11662921945927768, 0.09356351130364333, 0.08801531579484559, 0.08636593739059928, 0.07396151689812791, 0.03873482924913953, 0.03790214305529068, 0.037306474971617716, 0.03604578714742852, 0.03192858913572509, 0.02066038084274887, 0.013746145893481663, 0.006074035215153928]	0.54	0.54
Salience.SMG_R	k_medoids	LREG	['IPU_P', 'IPU_I', 'Happy_I', 'disc_IPU_I', 'Feedbacks_I', 'Feedbacks_P', 'UnionSocioItems_P', 'disc_IPU_P', 'UnionSocioItems_I', 'ReactionTime_P']	['IPU_P_t7', 'UnionSocioItems_P_t6', 'IPU_I_t3', 'disc_IPU_I_t3', 'disc_IPU_P_t7', 'disc_IPU_P_t4', 'disc_IPU_P_t3', 'Happy_I_t7', 'ReactionTime_P_t4', 'UnionSocioItems_P_t3', 'IPU_P_t4', 'IPU_P_t3', 'Feedbacks_P_t7', 'Feedbacks_P_t6', 'Feedbacks_P_t5', 'Feedbacks_P_t4', 'Feedbacks_I_t4', 'Feedbacks_I_t3', 'UnionSocioItems_I_t3', 'IPU_I_t7', 'disc_IPU_I_t7', 'IPU_I_t6', 'disc_IPU_I_t6', 'IPU_I_t5']	[0.19629344760331563, 0.1376182920663959, 0.11920465508898458, 0.1147798733725868, 0.11428217317100509, 0.11194004482560765, 0.09615949613792789, 0.08232715701003715, 0.01885850439569074, 0.008536356328448414]	0.55	0.55
Salience.SMG_R	mi_rank	RF	['AUs_mouth_I', 'Happy_I', 'AU_all_I', 'Pupil_area_P', 'IPU_P']	['AU_all_I_t4', 'Happy_I_t6', 'AU_all_I_t6', 'Pupil_area_P_t5', 'AU_all_I_t5', 'AUs_mouth_I_t7', 'Pupil_area_P_t4', 'AUs_mouth_I_t6', 'IPU_P_t3', 'Happy_I_t7', 'Happy_I_t4', 'AUs_mouth_I_t4', 'AUs_mouth_I_t5', 'Happy_I_t3']	[0.29355667888357956, 0.2627814037533346, 0.22397861224105664, 0.1610647813949887, 0.058618523727040496]	0.55	0.55
DorsalAttention.FEF_L	mi_rank	MLP	['AU_all_I', 'AU_eyes_I', 'AUs_mouth_I']	['AUs_mouth_I_t5', 'AUs_mouth_I_t3', 'AUs_mouth_I_t4', 'AUs_mouth_I_t7', 'AU_all_I_t7', 'AU_all_I_t6', 'AU_all_I_t5', 'AU_all_I_t4', 'AU_eyes_I_t7', 'AU_all_I_t3', 'AU_eyes_I_t6', 'AU_eyes_I_t5', 'AU_eyes_I_t4', 'AU_eyes_I_t3']	[0.40272329562791265, 0.3685018776875032, 0.2287748266845842]	0.52	0.53
DorsalAttention.FEF_L	model_rank	LREG	['AU_eyes_I']	['AU_eyes_I_t6', 'AU_eyes_I_t4', 'AU_eyes_I_t3']	[0.9999999999999999]	0.53	0.53
DorsalAttention.FEF_L	model_rank	RF	['AU_eyes_I', 'AU_all_I']	['AU_eyes_I_t6', 'AU_eyes_I_t4', 'AU_eyes_I_t3', 'AU_all_I_t3']	[0.7562904275325151, 0.243709572467485]	0.52	0.54
Salience.RPFC_L	k_medoids	MLP	['disc_IPU_P', 'IPU_I', 'IPU_P', 'Feedbacks_P', 'SpeechRate_I', 'LexicalRichness_P', 'SpeechRate_P', 'ReactionTime_P', 'Pupil_area_P', 'TypeTokenRatio_P', 'LexicalRichness_I', 'TypeTokenRatio_I', 'disc_IPU_I']	['ReactionTime_P_t7', 'ReactionTime_P_t3', 'TypeTokenRatio_P_t4', 'TypeTokenRatio_P_t3', 'IPU_I_t5', 'IPU_I_t4', 'IPU_I_t3', 'IPU_P_t6', 'IPU_P_t5', 'Pupil_area_P_t3', 'IPU_P_t7', 'IPU_P_t4', 'IPU_P_t3', 'disc_IPU_P_t3', 'disc_IPU_P_t7', 'disc_IPU_P_t6', 'disc_IPU_P_t5', 'disc_IPU_P_t4', 'Feedbacks_P_t7', 'Feedbacks_P_t6', 'Feedbacks_P_t3', 'LexicalRichness_P_t3', 'SpeechRate_P_t4', 'SpeechRate_P_t3', 'LexicalRichness_I_t3', 'SpeechRate_I_t4', 'SpeechRate_I_t3', 'IPU_I_t7', 'disc_IPU_I_t7', 'TypeTokenRatio_I_t7']	[0.2312512014699457, 0.18762591154614763, 0.17092500467809552, 0.09724414013217686, 0.08033761826618749, 0.05453077769822381, 0.045638546168009, 0.0414687002307384, 0.0293108402129907, 0.0272716752638081, 0.023254824478447227, 0.010969578597312128, 0.00017118125791746157]	0.53	0.54
Salience.RPFC_L	model_rank	LREG	['Saccades_P', 'AUs_mouth_I', 'Blinks_P', 'AU_all_I', 'Gaze_movement_quantity_P', 'AU_eyes_I', 'IPU_I', 'Pupil_area_P', 'Neutral_I', 'Happy_I']	['IPU_I_t4', 'IPU_I_t3', 'AUs_mouth_I_t7', 'AUs_mouth_I_t6', 'AUs_mouth_I_t5', 'AUs_mouth_I_t4', 'AUs_mouth_I_t3', 'AU_eyes_I_t7', 'AU_eyes_I_t6', 'AU_eyes_I_t5', 'AU_eyes_I_t4', 'AU_eyes_I_t3', 'AU_all_I_t7', 'AU_all_I_t6', 'AU_all_I_t5', 'AU_all_I_t4', 'AU_all_I_t3', 'Happy_I_t7', 'Happy_I_t6', 'Happy_I_t5', 'Happy_I_t4', 'Happy_I_t3', 'Neutral_I_t7', 'Neutral_I_t6', 'Neutral_I_t5', 'Neutral_I_t4', 'Neutral_I_t3', 'Gaze_movement_quantity_P_t7', 'Gaze_movement_quantity_P_t6', 'Gaze_movement_quantity_P_t5', 'Gaze_movement_quantity_P_t4', 'Gaze_movement_quantity_P_t3', 'Saccades_P_t7', 'Saccades_P_t6', 'Saccades_P_t5', 'Saccades_P_t4', 'Saccades_P_t3', 'Blinks_P_t7', 'Blinks_P_t6', 'Blinks_P_t4', 'Blinks_P_t3', 'Pupil_area_P_t7', 'Pupil_area_P_t6', 'Pupil_area_P_t5', 'Pupil_area_P_t4', 'Pupil_area_P_t3']	[0.15594041173442424, 0.1490628189229945, 0.1489921960207566, 0.10621683591152592, 0.10070476800106065, 0.09887614800014739, 0.08501186205477419, 0.06974810307096209, 0.04671465811688084, 0.03873219816647356]	0.53	0.54
Salience.RPFC_L	k_medoids	RF	['IPU_I', 'IPU_P', 'SpeechRate_I', 'Pupil_area_P', 'SpeechRate_P', 'ReactionTime_P', 'disc_IPU_P', 'LexicalRichness_I', 'TypeTokenRatio_P', 'LexicalRichness_P', 'Feedbacks_P', 'TypeTokenRatio_I', 'disc_IPU_I']	['ReactionTime_P_t7', 'ReactionTime_P_t3', 'TypeTokenRatio_P_t4', 'TypeTokenRatio_P_t3', 'IPU_I_t5', 'IPU_I_t4', 'IPU_I_t3', 'IPU_P_t6', 'IPU_P_t5', 'Pupil_area_P_t3', 'IPU_P_t7', 'IPU_P_t4', 'IPU_P_t3', 'disc_IPU_P_t3', 'disc_IPU_P_t7', 'disc_IPU_P_t6', 'disc_IPU_P_t5', 'disc_IPU_P_t4', 'Feedbacks_P_t7', 'Feedbacks_P_t6', 'Feedbacks_P_t3', 'LexicalRichness_P_t3', 'SpeechRate_P_t4', 'SpeechRate_P_t3', 'LexicalRichness_I_t3', 'SpeechRate_I_t4', 'SpeechRate_I_t3', 'IPU_I_t7', 'disc_IPU_I_t7', 'TypeTokenRatio_I_t7']	[0.4408910748312659, 0.17494466506329956, 0.08902748675858112, 0.08776751318248849, 0.05589217851283959, 0.04233624405346588, 0.03594839550838823, 0.027189472766696234, 0.01926633077908776, 0.011240643340578043, 0.008814928619940645, 0.004141137506393782, 0.0025399290769748447]	0.55	0.55
